Grid Name,Grid Rows,Grid Columns,Num Of Agents,Num Of Obstacles,Instance Id,A*/SIC Success,A*/SIC Runtime,A*/SIC Solution Cost,A*/SIC Expanded,A*/SIC Generated,A*/SIC Reopened,A*/SIC BPMX boosts,A*/SIC Closed List Hits,A*/SIC Reopened With Old H,A*/SIC H Updated From Other Area,A*/SIC Max expansion delay,A*/SIC Quick Insertions,A*/SIC Quick Insertions Cancelled,A*/SIC Max Group,A*/SIC Solution Depth,
Random Grid,251,211,3,25726,0,1,302.4224,741,284,27248,0,0,4537,0,0,0,284,699,3,0,
Random Grid,251,211,3,25726,1,1,142.4279,426,142,15184,0,0,1137,0,0,0,142,275,3,0,
Random Grid,251,211,3,25726,2,1,100.0125,315,142,11573,0,0,3368,0,0,0,142,258,3,0,
Random Grid,251,211,4,25726,0,1,1719.7461,964,284,139341,0,0,17180,0,0,0,284,1343,4,0,
Random Grid,251,211,4,25726,1,1,550.1969,568,142,78308,0,0,2268,0,0,0,142,673,4,0,
Random Grid,251,211,4,25726,2,1,870.0497,396,142,54117,0,0,12084,0,0,0,142,581,4,0,
Random Grid,251,211,5,25726,0,1,111758.163,1128,284,696417,0,0,77959,0,0,0,284,2381,5,0,
Random Grid,251,211,5,25726,1,1,52253.6948,710,142,390128,0,0,4523,0,0,0,142,1358,5,0,
Random Grid,251,211,5,25726,2,1,22387.6901,418,142,271645,0,0,59356,0,0,0,142,589,5,0,
Random Grid,251,211,5,25726,0,1,113861.6582,1128,284,696417,0,0,77959,0,0,0,284,2381,5,0,
Random Grid,251,211,5,25726,1,1,52418.3776,710,142,390128,0,0,4523,0,0,0,142,1358,5,0,
Random Grid,251,211,5,25726,2,1,22662.2508,418,142,271645,0,0,59356,0,0,0,142,589,5,0,
Random Grid,251,211,7,25726,0,1,125926741.3551,1390,284,17164485,0,0,1860141,0,0,0,284,6315,7,0,
Random Grid,251,211,7,25726,1,1,49020086.9059,972,142,9507260,0,0,24241,0,0,0,142,4576,7,0,
Random Grid,251,211,7,25726,2,1,21839079.1134,418,142,6791125,0,0,1483876,0,0,0,142,590,7,0,
,50,50,5,250,0,1,5371.3594,206,68,134720,0,0,23191,0,0,1,68,290,5,0,
Random Grid,50,50,5,250,1,1,940.406999999999,146,34,68920,0,0,2491,0,0,0,34,204,5,0,
Random Grid,50,50,5,250,2,1,2183.6438,60,36,53475,600,0,22501,0,0,3,35,27,5,0,
,20,20,6,40,0,1,2680.1506,83,17,121974,0,0,2231,0,0,0,17,214,6,0,
Random Grid,20,20,6,40,1,1,1734.8346,51,9,74514,0,0,647,0,0,0,9,68,6,0,
Random Grid,20,20,6,40,2,1,954.965,32,8,54256,0,0,2001,0,0,0,8,29,6,0,
Random Grid,20,20,6,40,0,1,2713.1169,83,17,121974,0,0,2231,0,0,0,17,214,6,0,
Random Grid,20,20,6,40,1,1,1779.424,51,9,74514,0,0,647,0,0,0,9,68,6,0,
Random Grid,20,20,6,40,2,1,1008.4701,32,8,54256,0,0,2001,0,0,0,8,29,6,0,
Random Grid,20,20,6,40,0,1,2819.4404,83,17,121974,0,0,2231,0,0,0,17,214,6,0,
Random Grid,20,20,6,40,1,1,1704.9237,51,9,74514,0,0,647,0,0,0,9,68,6,0,
Random Grid,20,20,6,40,2,1,984.1932,32,8,54256,0,0,2001,0,0,0,8,29,6,0,
,20,20,5,40,0,1,1118.9407,60,18,31678,0,0,2543,0,0,0,18,91,5,0,
Random Grid,20,20,5,40,1,1,458.3729,38,9,17963,0,0,523,0,0,0,9,62,5,0,
Random Grid,20,20,5,40,2,1,204.1305,22,9,14580,0,0,2021,0,0,0,9,7,5,0,
Random Grid,20,20,5,40,0,1,943.9305,60,18,31678,0,0,2543,0,0,0,18,91,5,0,
Random Grid,20,20,5,40,1,1,444.117,38,9,17963,0,0,523,0,0,0,9,62,5,0,
Random Grid,20,20,5,40,2,1,209.446,22,9,14580,0,0,2021,0,0,0,9,7,5,0,
Random Grid,20,20,5,40,0,1,943.2013,60,18,31678,0,0,2543,0,0,0,18,91,5,0,
Random Grid,20,20,1,40,0,1,43.3694,16,16,39,0,0,35,0,0,0,16,11,1,0,
Random Grid,20,20,1,40,0,1,63.5886,16,16,39,0,0,35,0,0,0,16,11,1,0,
Random Grid,20,20,5,40,0,1,865.3462,60,18,31678,0,0,2543,0,0,0,18,91,5,0,
Random Grid,20,20,5,40,1,1,1424.5244,65,28,44239,198,0,11215,0,0,10,24,60,5,0,
Random Grid,20,20,5,40,2,1,143.777399999999,51,11,15926,0,0,425,0,0,0,11,73,5,0,
Random Grid,20,20,1,40,0,1,55.3753000000002,16,16,39,0,0,35,0,0,0,16,11,1,0,
Random Grid,20,20,1,40,0,1,69.2692000000097,16,16,39,0,0,35,0,0,0,16,11,1,0,
Random Grid,20,20,5,40,0,1,837.665799999988,60,18,31678,0,0,2543,0,0,0,18,91,5,0,
Random Grid,20,20,5,40,1,1,1379.17489999998,65,28,44239,198,0,11215,0,0,10,24,60,5,0,
Random Grid,20,20,5,40,2,1,134.276099999988,51,11,15926,0,0,425,0,0,0,11,73,5,0,
Random Grid,20,20,1,40,0,1,37.3013000000001,6,6,15,0,0,12,0,0,0,6,3,1,0,
Random Grid,20,20,5,40,0,1,811.318000000001,60,18,31678,0,0,2543,0,0,0,18,91,5,0,
Random Grid,20,20,5,40,1,1,739.788200000003,64,20,31457,0,0,3504,0,0,3,20,52,5,0,
Random Grid,20,20,5,40,2,1,1011.567,46,36,37764,452,0,16299,0,0,25,24,70,5,0,
Random Grid,20,20,1,40,0,1,38.8727999999974,6,6,15,0,0,12,0,0,0,6,3,1,0,
Random Grid,20,20,5,40,0,1,825.851500000004,60,18,31678,0,0,2543,0,0,0,18,91,5,0,
Random Grid,20,20,5,40,1,1,692.658200000005,64,20,31457,0,0,3504,0,0,3,20,52,5,0,
Random Grid,20,20,5,40,2,1,1038.66660000001,46,36,37764,452,0,16299,0,0,25,24,70,5,0,
Random Grid,20,20,1,40,0,1,59.390800000001,6,6,15,0,0,12,0,0,0,6,3,1,0,
Random Grid,20,20,5,40,0,1,860.9444,60,18,31678,0,0,2543,0,0,0,18,91,5,0,
Random Grid,20,20,5,40,1,1,737.8331,64,20,31457,0,0,3504,0,0,3,20,52,5,0,
Random Grid,20,20,5,40,2,1,1026.7713,46,36,37764,452,0,16299,0,0,25,24,70,5,0,
Random Grid,20,20,1,40,0,1,26.8925999999999,18,18,45,0,0,38,0,0,0,17,4,1,0,
Random Grid,20,20,1,40,0,1,308525.2749,18,18,45,0,0,38,0,0,0,17,4,1,0,
Random Grid,20,20,1,40,0,1,2215.4632,18,18,45,0,0,38,0,0,0,17,4,1,0,
Random Grid,20,20,1,40,0,1,2250.635,18,18,45,0,0,38,0,0,0,17,4,1,0,
Random Grid,20,20,1,40,0,1,1190.6833,18,18,45,0,0,38,0,0,0,17,4,1,0,
Random Grid,20,20,1,40,0,1,974.7623,18,18,45,0,0,38,0,0,0,17,4,1,0,
Random Grid,20,20,1,40,0,1,1507.2814,18,18,45,0,0,38,0,0,0,17,4,1,0,
Random Grid,20,20,1,40,0,1,1263.7278,18,18,45,0,0,38,0,0,0,17,4,1,0,
Random Grid,20,20,1,40,0,1,81013.9299,18,18,45,0,0,38,0,0,0,17,4,1,0,
Random Grid,20,20,1,40,0,1,2654.8505,18,18,45,0,0,38,0,0,0,17,4,1,0,
Random Grid,20,20,1,40,1,1,2909.2706,14,14,36,0,0,28,0,0,0,14,6,1,0,
Random Grid,20,20,1,40,2,1,12856.8654,17,17,42,0,0,35,0,0,0,16,5,1,0,
Random Grid,20,20,1,40,0,1,1292.9141,18,18,45,0,0,38,0,0,0,17,4,1,0,
Random Grid,20,20,1,40,1,1,1293.9227,14,14,36,0,0,28,0,0,0,14,6,1,0,
Random Grid,20,20,1,40,2,1,1191.0902,17,17,42,0,0,35,0,0,0,16,5,1,0,
Random Grid,20,20,1,40,0,1,33021.1859,18,18,45,0,0,38,0,0,0,17,4,1,0,
Random Grid,20,20,1,40,1,1,2865.3668,14,14,36,0,0,28,0,0,0,14,6,1,0,
Random Grid,20,20,1,40,2,1,1709.5969,17,17,42,0,0,35,0,0,0,16,5,1,0,
Random Grid,20,20,1,40,0,1,1623.4712,18,18,45,0,0,38,0,0,0,17,4,1,0,
Random Grid,20,20,1,40,0,1,905.7795,14,14,36,0,0,28,0,0,0,14,6,1,0,
Random Grid,20,20,1,40,0,1,1065.2965,17,17,42,0,0,35,0,0,0,16,5,1,0,
Random Grid,20,20,1,40,0,1,1998.5422,18,18,45,0,0,38,0,0,0,17,4,1,0,
Random Grid,20,20,1,40,0,1,1938.3013,18,18,45,0,0,38,0,0,0,17,4,1,0,
Random Grid,20,20,1,40,1,1,1147.8058,14,14,36,0,0,28,0,0,0,14,6,1,0,
Random Grid,20,20,1,40,2,1,1056.2559,17,17,42,0,0,35,0,0,0,16,5,1,0,
Random Grid,20,20,1,40,3,1,1606.9517,7,7,21,0,0,14,0,0,0,6,3,1,0,
Random Grid,20,20,1,40,4,1,3661.7345,4,4,13,0,0,7,0,0,0,4,3,1,0,
Random Grid,20,20,1,40,0,1,7110.8317,6,6,15,0,0,12,0,0,0,6,3,1,0,
Random Grid,20,20,5,40,0,1,6779.3141,60,18,31678,0,0,2543,0,0,0,18,91,5,0,
Random Grid,20,20,5,40,1,1,1585.7488,31,9,16946,0,0,1180,0,0,0,9,27,5,0,
Random Grid,20,20,5,40,2,1,9741.6284,31,64,55577,150,0,66879,0,0,56,11,26,5,2,
Random Grid,20,20,1,40,0,1,2192.4259,18,18,45,0,0,38,0,0,0,17,4,1,0,
Random Grid,20,20,1,40,1,1,857.4398,14,14,36,0,0,28,0,0,0,14,6,1,0,
Random Grid,20,20,1,40,2,1,900.0081,17,17,42,0,0,35,0,0,0,16,5,1,0,
Random Grid,20,20,1,40,3,1,875.1315,7,7,21,0,0,14,0,0,0,6,3,1,0,
Random Grid,20,20,1,40,4,1,897.2979,4,4,13,0,0,7,0,0,0,4,3,1,0,
Random Grid,20,20,5,40,0,1,1889.4264,60,18,31678,0,0,2543,0,0,0,18,91,5,0,
Random Grid,20,20,5,40,1,1,1946.9986,31,9,16946,0,0,1180,0,0,0,9,27,5,0,
Random Grid,20,20,5,40,2,1,8016.32,31,64,55577,150,0,66879,0,0,56,11,26,5,2,
Random Grid,20,20,1,40,0,1,1944.2794,18,18,45,0,0,38,0,0,0,17,4,1,0,
Random Grid,20,20,1,40,1,1,875.161900000001,14,14,36,0,0,28,0,0,0,14,6,1,0,
Random Grid,20,20,1,40,2,1,1052.2978,17,17,42,0,0,35,0,0,0,16,5,1,0,
Random Grid,20,20,1,40,3,1,666.5044,7,7,21,0,0,14,0,0,0,6,3,1,0,
Random Grid,20,20,1,40,4,1,588.1934,4,4,13,0,0,7,0,0,0,4,3,1,0,
Random Grid,20,20,5,40,0,1,1464.1853,60,18,31678,0,0,2543,0,0,0,18,91,5,0,
Random Grid,20,20,5,40,1,1,1501.1757,31,9,16946,0,0,1180,0,0,0,9,27,5,0,
Random Grid,20,20,5,40,2,1,6733.118,31,64,55577,150,0,66879,0,0,56,11,26,5,2,
Random Grid,20,20,1,40,0,1,1158.0091,18,18,45,0,0,38,0,0,0,17,4,1,0,
Random Grid,20,20,1,40,1,1,1214.8686,14,14,36,0,0,28,0,0,0,14,6,1,0,
Random Grid,20,20,1,40,2,1,684.3423,17,17,42,0,0,35,0,0,0,16,5,1,0,
Random Grid,20,20,1,40,3,1,486.9847,7,7,21,0,0,14,0,0,0,6,3,1,0,
Random Grid,20,20,1,40,4,1,486.805,4,4,13,0,0,7,0,0,0,4,3,1,0,
Random Grid,20,20,5,40,0,1,1350.3002,60,18,31678,0,0,2543,0,0,0,18,91,5,0,
Random Grid,20,20,5,40,1,1,1697.3797,31,9,16946,0,0,1180,0,0,0,9,27,5,0,
Random Grid,20,20,5,40,2,1,6794.7124,31,64,55577,150,0,66879,0,0,56,11,26,5,2,
Random Grid,20,20,1,40,0,1,830.906,18,18,45,0,0,38,0,0,0,17,4,1,0,
Random Grid,20,20,1,40,1,1,847.7996,14,14,36,0,0,28,0,0,0,14,6,1,0,
Random Grid,20,20,1,40,2,1,1024.7229,17,17,42,0,0,35,0,0,0,16,5,1,0,
Random Grid,20,20,1,40,3,1,4633.6475,7,7,21,0,0,14,0,0,0,6,3,1,0,
Random Grid,20,20,1,40,4,1,2476.9557,4,4,13,0,0,7,0,0,0,4,3,1,0,
Random Grid,20,20,5,40,0,1,5375.2674,60,18,31678,0,0,2543,0,0,0,18,91,5,0,
Random Grid,20,20,5,40,1,1,11271.0111,31,9,16946,0,0,1180,0,0,0,9,27,5,0,
Random Grid,20,20,5,40,2,1,6551.209,31,64,55577,150,0,66879,0,0,56,11,26,5,2,
Random Grid,20,20,1,40,0,1,29.4198,18,18,45,0,0,38,0,0,0,17,4,1,0,
Random Grid,20,20,1,40,1,1,0.148499999999999,14,14,36,0,0,28,0,0,0,14,6,1,0,
Random Grid,20,20,1,40,2,1,0.119299999999996,17,17,42,0,0,35,0,0,0,16,5,1,0,
Random Grid,20,20,1,40,3,1,0.0652000000000044,7,7,21,0,0,14,0,0,0,6,3,1,0,
Random Grid,20,20,1,40,4,1,0.070699999999988,4,4,13,0,0,7,0,0,0,4,3,1,0,
Random Grid,20,20,5,40,0,1,907.5493,60,18,31678,0,0,2543,0,0,0,18,91,5,0,
Random Grid,20,20,5,40,1,1,314.537,31,9,16946,0,0,1180,0,0,0,9,27,5,0,
Random Grid,20,20,5,40,2,1,5659.0445,31,64,55577,150,0,66879,0,0,56,11,26,5,2,
Random Grid,20,20,4,40,0,1,73.4549,62,18,7421,0,0,473,0,0,0,18,58,4,0,
Random Grid,20,20,4,40,1,1,20.3674,36,9,4356,0,0,134,0,0,0,9,23,4,0,
Random Grid,20,20,4,40,2,1,17.8168,26,9,3606,0,0,395,0,0,0,9,35,4,0,
Random Grid,20,20,1,40,0,1,29.66,18,18,46,0,0,39,0,0,0,18,4,1,0,
Random Grid,20,20,1,40,1,1,0.127200000000002,14,14,37,0,0,29,0,0,0,14,8,1,0,
Random Grid,20,20,1,40,2,1,0.075099999999992,12,12,37,0,0,24,0,0,0,12,10,1,0,
Random Grid,20,20,1,40,3,1,0.102400000000003,18,18,47,0,0,37,0,0,0,18,10,1,0,
Random Grid,20,20,4,40,0,1,33.2239,62,18,7421,0,0,473,0,0,0,18,58,4,0,
Random Grid,20,20,4,40,1,1,16.7185,31,9,4136,0,0,229,0,0,0,9,12,4,0,
Random Grid,20,20,4,40,2,1,16.6613,31,9,3877,0,0,224,0,0,0,9,35,4,0,
Random Grid,20,20,5,40,0,1,970.5248,60,18,31678,0,0,2543,0,0,0,18,91,5,0,
Random Grid,20,20,5,40,1,1,432.469,38,9,17963,0,0,523,0,0,0,9,62,5,0,
Random Grid,20,20,5,40,2,1,195.1713,22,9,14580,0,0,2021,0,0,0,9,7,5,0,
Random Grid,20,20,6,40,0,1,2478.2049,83,17,121974,0,0,2231,0,0,0,17,214,6,0,
Random Grid,20,20,6,40,1,1,1484.5753,51,9,74514,0,0,647,0,0,0,9,68,6,0,
Random Grid,20,20,6,40,2,1,862.1893,32,8,54256,0,0,2001,0,0,0,8,29,6,0,
Random Grid,20,20,5,40,0,1,895.3353,60,18,31678,0,0,2543,0,0,0,18,91,5,0,
Random Grid,20,20,5,40,1,1,420.6006,38,9,17963,0,0,523,0,0,0,9,62,5,0,
Random Grid,20,20,5,40,2,1,195.1997,22,9,14580,0,0,2021,0,0,0,9,7,5,0,
Random Grid,20,20,1,40,0,1,26.9902,18,18,45,0,0,38,0,0,0,17,4,1,0,
Random Grid,20,20,1,40,1,1,0.149299999999997,14,14,36,0,0,28,0,0,0,14,6,1,0,
Random Grid,20,20,1,40,2,1,0.120499999999993,17,17,42,0,0,35,0,0,0,16,5,1,0,
Random Grid,20,20,1,40,3,1,0.102799999999988,7,7,21,0,0,14,0,0,0,6,3,1,0,
Random Grid,20,20,1,40,4,1,0.0569000000000131,4,4,13,0,0,7,0,0,0,4,3,1,0,
Random Grid,20,20,5,40,0,1,886.124,60,18,31678,0,0,2543,0,0,0,18,91,5,0,
Random Grid,20,20,5,40,1,1,307.2126,31,9,16946,0,0,1180,0,0,0,9,27,5,0,
Random Grid,20,20,5,40,2,1,5792.444,31,64,55577,150,0,66879,0,0,56,11,26,5,2,
Random Grid,20,20,5,40,0,1,938.8686,60,18,31678,0,0,2543,0,0,0,18,91,5,0,
Random Grid,20,20,5,40,1,1,444.0226,38,9,17963,0,0,523,0,0,0,9,62,5,0,
Random Grid,20,20,5,40,2,1,183.6829,22,9,14580,0,0,2021,0,0,0,9,7,5,0,
Random Grid,20,20,5,40,0,1,944.4319,60,18,31678,0,0,2543,0,0,0,18,91,5,0,
Random Grid,20,20,5,40,1,1,414.8521,38,9,17963,0,0,523,0,0,0,9,62,5,0,
Random Grid,20,20,1,40,0,1,28.3275,18,18,45,0,0,38,0,0,0,17,4,1,0,
Random Grid,20,20,1,40,1,1,0.139800000000008,14,14,36,0,0,28,0,0,0,14,6,1,0,
Random Grid,20,20,1,40,2,1,0.1494,17,17,42,0,0,35,0,0,0,16,5,1,0,
Random Grid,20,20,1,40,3,1,0.0801999999999907,7,7,21,0,0,14,0,0,0,6,3,1,0,
Random Grid,20,20,5,40,0,1,923.4853,60,18,31678,0,0,2543,0,0,0,18,91,5,0,
Random Grid,20,20,1,40,0,1,25.4107,18,18,46,0,0,39,0,0,0,18,4,1,0,
Random Grid,20,20,1,40,1,1,0.136699999999991,14,14,37,0,0,29,0,0,0,14,8,1,0,
Random Grid,20,20,1,40,2,1,0.154499999999999,12,12,37,0,0,24,0,0,0,12,10,1,0,
Random Grid,20,20,1,40,3,1,0.110599999999991,18,18,47,0,0,37,0,0,0,18,10,1,0,
Random Grid,20,20,4,40,0,1,40.1615,62,18,7421,0,0,473,0,0,0,18,58,4,0,
Random Grid,20,20,4,40,1,1,18.541,31,9,4136,0,0,229,0,0,0,9,12,4,0,
Random Grid,20,20,4,40,2,1,27.4413999999997,31,9,3877,0,0,224,0,0,0,9,35,4,0,
Random Grid,20,20,1,40,0,1,28.2579,18,18,46,0,0,39,0,0,0,18,4,1,0,
Random Grid,20,20,1,40,1,1,0.136300000000006,14,14,37,0,0,29,0,0,0,14,8,1,0,
Random Grid,20,20,1,40,2,1,0.0814000000000021,12,12,37,0,0,24,0,0,0,12,10,1,0,
Random Grid,20,20,1,40,3,1,0.0939999999999941,18,18,47,0,0,37,0,0,0,18,10,1,0,
Random Grid,20,20,4,40,0,1,49.4138,62,18,7421,0,0,473,0,0,0,18,58,4,0,
Random Grid,20,20,4,40,1,1,17.165,31,9,4136,0,0,229,0,0,0,9,12,4,0,
Random Grid,20,20,4,40,2,1,24.0948,31,9,3877,0,0,224,0,0,0,9,35,4,0,
Random Grid,20,20,1,40,0,1,28.0513,18,18,45,0,0,38,0,0,0,17,4,1,0,
Random Grid,20,20,1,40,1,1,0.139499999999998,14,14,36,0,0,28,0,0,0,14,6,1,0,
Random Grid,20,20,1,40,2,1,0.165099999999995,17,17,42,0,0,35,0,0,0,16,5,1,0,
Random Grid,20,20,1,40,3,1,0.0829999999999984,7,7,21,0,0,14,0,0,0,6,3,1,0,
Random Grid,20,20,1,40,4,1,0.0517999999999859,4,4,13,0,0,7,0,0,0,4,3,1,0,
Random Grid,20,20,5,40,0,1,920.9237,60,18,31678,0,0,2543,0,0,0,18,91,5,0,
Random Grid,20,20,5,40,1,1,317.1041,31,9,16946,0,0,1180,0,0,0,9,27,5,0,
Random Grid,20,20,5,40,2,1,5705.6135,31,64,55577,150,0,66879,0,0,56,11,26,5,2,
Random Grid,20,20,1,40,0,1,31.7701,18,18,46,0,0,39,0,0,0,18,4,1,0,
Random Grid,20,20,1,40,1,1,0.19680000000001,14,14,37,0,0,29,0,0,0,14,8,1,0,
Random Grid,20,20,1,40,2,1,0.119700000000009,12,12,37,0,0,24,0,0,0,12,10,1,0,
Random Grid,20,20,1,40,3,1,0.156800000000004,18,18,47,0,0,37,0,0,0,18,10,1,0,
Random Grid,20,20,4,40,0,1,39.2063,62,18,7421,0,0,473,0,0,0,18,58,4,0,
Random Grid,20,20,4,40,1,1,17.9642,31,9,4136,0,0,229,0,0,0,9,12,4,0,
Random Grid,20,20,4,40,2,1,14.5391,31,9,3877,0,0,224,0,0,0,9,35,4,0,
Random Grid,20,20,1,40,0,1,26.6852,12,12,29,0,0,25,0,0,0,12,7,1,0,
Random Grid,20,20,1,40,1,1,0.170200000000008,17,17,44,0,0,34,0,0,0,17,3,1,0,
Random Grid,20,20,1,40,2,1,0.0789999999999935,6,6,18,0,0,11,0,0,0,6,10,1,0,
Random Grid,20,20,1,40,3,1,0.893600000000006,17,17,44,0,0,34,0,0,0,16,8,1,0,
Random Grid,20,20,1,40,4,1,0.133200000000016,14,14,39,0,0,29,0,0,0,13,9,1,0,
Random Grid,20,20,1,40,5,1,0.087299999999999,17,17,44,0,0,35,0,0,0,16,6,1,0,
Random Grid,20,20,6,40,0,1,2409.9687,83,17,121974,0,0,2231,0,0,0,17,214,6,0,
Random Grid,20,20,6,40,1,1,15090.757,43,35,198921,1994,0,103787,0,0,26,20,73,6,0,
Random Grid,20,20,6,40,2,1,903.3262,40,8,59197,0,0,818,0,0,0,8,44,6,0,
Random Grid,20,20,1,40,0,1,29.6588,18,18,45,0,0,38,0,0,0,17,4,1,0,
Random Grid,20,20,1,40,1,1,0.146600000000007,14,14,36,0,0,28,0,0,0,14,6,1,0,
Random Grid,20,20,1,40,2,1,0.110200000000006,17,17,42,0,0,35,0,0,0,16,5,1,0,
Random Grid,20,20,1,40,3,1,0.0789999999999793,7,7,21,0,0,14,0,0,0,6,3,1,0,
Random Grid,20,20,1,40,4,1,0.0568999999999846,4,4,13,0,0,7,0,0,0,4,3,1,0,
Random Grid,20,20,5,40,0,1,921.6775,60,18,31678,0,0,2543,0,0,0,18,91,5,0,
Random Grid,20,20,5,40,1,1,288.8157,31,9,16946,0,0,1180,0,0,0,9,27,5,0,
Random Grid,20,20,5,40,2,1,5736.1494,31,64,55577,150,0,66879,0,0,56,11,26,5,2,
Random Grid,20,20,1,40,0,1,26.3652,18,18,45,0,0,38,0,0,0,17,4,1,0,
Random Grid,20,20,1,40,1,1,0.263500000000008,14,14,36,0,0,28,0,0,0,14,6,1,0,
Random Grid,20,20,1,40,2,1,0.18719999999999,17,17,42,0,0,35,0,0,0,16,5,1,0,
Random Grid,20,20,1,40,3,1,0.0755000000000052,7,7,21,0,0,14,0,0,0,6,3,1,0,
Random Grid,20,20,1,40,4,1,0.0675999999999988,4,4,13,0,0,7,0,0,0,4,3,1,0,
Random Grid,20,20,5,40,0,1,912.1906,60,18,31678,0,0,2543,0,0,0,18,91,5,0,
Random Grid,20,20,5,40,1,1,322.0815,31,9,16946,0,0,1180,0,0,0,9,27,5,0,
Random Grid,20,20,5,40,2,1,6021.8813,31,64,55577,150,0,66879,0,0,56,11,26,5,2,
Random Grid,20,20,1,40,0,1,34.6852,18,18,45,0,0,38,0,0,0,17,4,1,0,
Random Grid,20,20,1,40,1,1,0.244500000000002,14,14,36,0,0,28,0,0,0,14,6,1,0,
Random Grid,20,20,1,40,2,1,0.135900000000007,17,17,42,0,0,35,0,0,0,16,5,1,0,
Random Grid,20,20,1,40,3,1,0.0730999999999824,7,7,21,0,0,14,0,0,0,6,3,1,0,
Random Grid,20,20,1,40,4,1,0.0635999999999797,4,4,13,0,0,7,0,0,0,4,3,1,0,
Random Grid,20,20,5,40,0,1,933.034,60,18,31678,0,0,2543,0,0,0,18,91,5,0,
Random Grid,20,20,5,40,1,1,285.994200000016,31,9,16946,0,0,1180,0,0,0,9,27,5,0,
Random Grid,20,20,5,40,2,1,5740.2078,31,64,55577,150,0,66879,0,0,56,11,26,5,2,
Random Grid,20,20,1,40,0,1,32.3717,18,18,45,0,0,38,0,0,0,17,4,1,0,
Random Grid,20,20,1,40,1,1,0.176600000000008,14,14,36,0,0,28,0,0,0,14,6,1,0,
Random Grid,20,20,1,40,2,1,0.111399999999989,17,17,42,0,0,35,0,0,0,16,5,1,0,
Random Grid,20,20,1,40,3,1,0.0683999999999969,7,7,21,0,0,14,0,0,0,6,3,1,0,
Random Grid,20,20,1,40,4,1,0.0615999999999985,4,4,13,0,0,7,0,0,0,4,3,1,0,
Random Grid,20,20,5,40,0,1,885.294,60,18,31678,0,0,2543,0,0,0,18,91,5,0,
Random Grid,20,20,5,40,1,1,290.7804,31,9,16946,0,0,1180,0,0,0,9,27,5,0,
Random Grid,20,20,5,40,2,1,5735.7302,31,64,55577,150,0,66879,0,0,56,11,26,5,2,
Random Grid,20,20,1,40,0,1,31.881,18,18,45,0,0,38,0,0,0,17,4,1,0,
Random Grid,20,20,1,40,1,1,0.191200000000009,14,14,36,0,0,28,0,0,0,14,6,1,0,
Random Grid,20,20,1,40,2,1,0.147400000000005,17,17,42,0,0,35,0,0,0,16,5,1,0,
Random Grid,20,20,1,40,3,1,0.0691000000000059,7,7,21,0,0,14,0,0,0,6,3,1,0,
Random Grid,20,20,1,40,4,1,0.0631999999999948,4,4,13,0,0,7,0,0,0,4,3,1,0,
Random Grid,20,20,5,40,0,1,936.0771,60,18,31678,0,0,2543,0,0,0,18,91,5,0,
Random Grid,20,20,5,40,1,1,306.4315,31,9,16946,0,0,1180,0,0,0,9,27,5,0,
Random Grid,20,20,5,40,2,1,5683.6943,31,64,55577,150,0,66879,0,0,56,11,26,5,2,
Random Grid,20,20,1,40,0,1,28.0007,18,18,45,0,0,38,0,0,0,17,4,1,0,
Random Grid,20,20,1,40,1,1,0.160799999999995,14,14,36,0,0,28,0,0,0,14,6,1,0,
Random Grid,20,20,1,40,2,1,0.1648,17,17,42,0,0,35,0,0,0,16,5,1,0,
Random Grid,20,20,1,40,3,1,0.051400000000001,7,7,21,0,0,14,0,0,0,6,3,1,0,
Random Grid,20,20,1,40,4,1,0.0636000000000081,4,4,13,0,0,7,0,0,0,4,3,1,0,
Random Grid,20,20,5,40,0,1,920.565,60,18,31678,0,0,2543,0,0,0,18,91,5,0,
Random Grid,20,20,5,40,1,1,306.9996,31,9,16946,0,0,1180,0,0,0,9,27,5,0,
Random Grid,20,20,1,40,0,1,40.5415999999996,18,18,45,0,0,38,0,0,0,17,4,1,0,
Random Grid,20,20,1,40,1,1,0.309799999999996,14,14,36,0,0,28,0,0,0,14,6,1,0,
Random Grid,20,20,1,40,2,1,0.260000000000218,17,17,42,0,0,35,0,0,0,16,5,1,0,
Random Grid,20,20,1,40,3,1,0.162800000000061,7,7,21,0,0,14,0,0,0,6,3,1,0,
Random Grid,20,20,1,40,4,1,0.0943999999999505,4,4,13,0,0,7,0,0,0,4,3,1,0,
Random Grid,20,20,5,40,0,1,790.166499999999,60,18,31678,0,0,2543,0,0,0,18,91,5,0,
Random Grid,20,20,5,40,1,1,289.161,31,9,16946,0,0,1180,0,0,0,9,27,5,0,
Random Grid,20,20,5,40,2,1,165816.3192,31,64,55577,150,0,66879,0,0,56,11,26,5,2,
,20,20,5,40,0,1,716.134,71,20,42183,0,0,2863,0,0,0,20,103,5,0,
Random Grid,20,20,5,40,1,1,257.617,44,10,20718,0,0,493,0,0,0,10,59,5,0,
Random Grid,20,20,5,40,2,1,377.0957,27,10,21225,0,0,2026,0,0,0,10,27,5,0,
Random Grid,20,20,1,40,0,1,31.2553,5,5,13,0,0,10,0,0,0,4,1,1,0,
Random Grid,20,20,1,40,1,1,0.176599999999993,9,9,26,0,0,18,0,0,0,9,6,1,0,
Random Grid,20,20,1,40,2,1,0.181699999999992,20,20,54,0,0,41,0,0,0,20,12,1,0,
Random Grid,20,20,1,40,3,1,0.0999000000000052,18,18,47,0,0,37,0,0,0,17,7,1,0,
Random Grid,20,20,1,40,4,1,0.139900000000011,19,19,54,0,0,38,0,0,0,19,15,1,0,
Random Grid,20,20,5,40,0,1,697.2062,71,20,42183,0,0,2863,0,0,0,20,103,5,0,
Random Grid,20,20,5,40,1,1,315.9351,38,10,24351,0,0,975,0,0,0,10,27,5,1,
Random Grid,20,20,5,40,2,1,477.2429,34,10,21435,0,0,1316,0,0,0,10,82,5,0,
Random Grid,20,20,1,40,0,1,27.1035,12,12,29,0,0,25,0,0,0,12,7,1,0,
Random Grid,20,20,1,40,1,1,0.2149,17,17,44,0,0,34,0,0,0,17,3,1,0,
Random Grid,20,20,1,40,2,1,0.0541999999999945,6,6,18,0,0,11,0,0,0,6,10,1,0,
Random Grid,20,20,1,40,3,1,0.854900000000001,17,17,44,0,0,34,0,0,0,16,8,1,0,
Random Grid,20,20,1,40,4,1,0.0925000000000011,14,14,39,0,0,29,0,0,0,13,9,1,0,
Random Grid,20,20,1,40,5,1,0.158799999999985,17,17,44,0,0,35,0,0,0,16,6,1,0,
Random Grid,20,20,6,40,0,1,2448.4141,83,17,121974,0,0,2231,0,0,0,17,214,6,0,
Random Grid,20,20,6,40,1,1,15073.5513,43,35,198921,1994,0,103787,0,0,26,20,73,6,0,
Random Grid,20,20,6,40,2,1,863.383900000001,40,8,59197,0,0,818,0,0,0,8,44,6,0,
Random Grid,20,20,1,40,0,1,31.7404,18,18,45,0,0,38,0,0,0,17,4,1,0,
Random Grid,20,20,1,40,1,1,0.174599999999998,14,14,36,0,0,28,0,0,0,14,6,1,0,
Random Grid,20,20,1,40,2,1,0.137900000000002,17,17,42,0,0,35,0,0,0,16,5,1,0,
Random Grid,20,20,1,40,3,1,0.0900000000000034,7,7,21,0,0,14,0,0,0,6,3,1,0,
Random Grid,20,20,1,40,4,1,0.0561000000000149,4,4,13,0,0,7,0,0,0,4,3,1,0,
Random Grid,20,20,5,40,0,1,876.022,60,18,31678,0,0,2543,0,0,0,18,91,5,0,
Random Grid,20,20,5,40,1,1,301.003,31,9,16946,0,0,1180,0,0,0,9,27,5,0,
Random Grid,20,20,5,40,2,1,5720.03,31,64,55577,150,0,66879,0,0,56,11,26,5,2,
Random Grid,20,20,1,40,0,1,29.0057,18,18,45,0,0,38,0,0,0,17,4,1,0,
Random Grid,20,20,1,40,1,1,0.189599999999999,14,14,36,0,0,28,0,0,0,14,6,1,0,
Random Grid,20,20,1,40,2,1,0.149000000000001,17,17,42,0,0,35,0,0,0,16,5,1,0,
Random Grid,20,20,1,40,3,1,0.0687999999999818,7,7,21,0,0,14,0,0,0,6,3,1,0,
Random Grid,20,20,1,40,4,1,0.065100000000001,4,4,13,0,0,7,0,0,0,4,3,1,0,
Random Grid,20,20,5,40,0,1,873.887,60,18,31678,0,0,2543,0,0,0,18,91,5,0,
Random Grid,20,20,5,40,1,1,306.7436,31,9,16946,0,0,1180,0,0,0,9,27,5,0,
Random Grid,20,20,5,40,2,1,5730.9452,31,64,55577,150,0,66879,0,0,56,11,26,5,2,
Random Grid,20,20,1,40,0,1,27.8712,18,18,45,0,0,38,0,0,0,17,4,1,0,
Random Grid,20,20,1,40,1,1,0.142999999999986,14,14,36,0,0,28,0,0,0,14,6,1,0,
Random Grid,20,20,1,40,2,1,0.144599999999997,17,17,42,0,0,35,0,0,0,16,5,1,0,
Random Grid,20,20,1,40,3,1,0.0782000000000096,7,7,21,0,0,14,0,0,0,6,3,1,0,
Random Grid,20,20,1,40,4,1,0.06280000000001,4,4,13,0,0,7,0,0,0,4,3,1,0,
Random Grid,20,20,5,40,0,1,875.3014,60,18,31678,0,0,2543,0,0,0,18,91,5,0,
Random Grid,20,20,5,40,2,1,5740.9841,31,64,55577,150,0,66879,0,0,56,11,26,5,2,
Random Grid,20,20,1,40,0,1,27.034,18,18,45,0,0,38,0,0,0,17,4,1,0,
Random Grid,20,20,1,40,1,1,0.1541,14,14,36,0,0,28,0,0,0,14,6,1,0,
Random Grid,20,20,1,40,2,1,0.101100000000002,17,17,42,0,0,35,0,0,0,16,5,1,0,
Random Grid,20,20,1,40,3,1,0.0568999999999988,7,7,21,0,0,14,0,0,0,6,3,1,0,
Random Grid,20,20,1,40,4,1,0.0490000000000066,4,4,13,0,0,7,0,0,0,4,3,1,0,
Random Grid,20,20,5,40,0,1,890.1153,60,18,31678,0,0,2543,0,0,0,18,91,5,0,
Random Grid,20,20,5,40,2,1,5712.4919,31,64,55577,150,0,66879,0,0,56,11,26,5,2,
Random Grid,20,20,1,40,0,1,31.5041,9,9,23,0,0,18,0,0,0,8,0,1,0,
Random Grid,20,20,1,40,1,1,0.215299999999999,7,7,17,0,0,14,0,0,0,7,3,1,0,
Random Grid,20,20,1,40,2,1,0.0727000000000118,4,4,10,0,0,8,0,0,0,4,1,1,0,
Random Grid,20,20,1,40,3,1,0.0506000000000029,3,3,10,0,0,5,0,0,0,3,4,1,0,
Random Grid,20,20,1,40,4,1,0.0611999999999853,2,2,8,0,0,3,0,0,0,1,0,1,0,
Random Grid,20,20,5,40,0,1,6893.6243,27,78,56291,229,0,100269,0,0,71,11,36,5,2,
Random Grid,20,20,5,40,2,1,449.9177,13,13,17549,75,0,10572,0,0,7,7,11,5,2,
Random Grid,20,20,1,40,0,1,26.5782,11,11,32,0,0,22,0,0,0,10,6,1,0,
Random Grid,20,20,1,40,1,1,0.263499999999993,28,28,64,0,0,59,0,0,0,27,9,1,0,
Random Grid,20,20,1,40,2,1,0.177699999999987,14,14,36,0,0,28,0,0,0,14,5,1,0,
Random Grid,20,20,1,40,3,1,0.134299999999996,17,17,42,0,0,34,0,0,0,17,9,1,0,
Random Grid,20,20,1,40,4,1,0.0398999999999887,1,1,5,0,0,1,0,0,0,1,0,1,0,
Random Grid,20,20,1,40,5,1,0.0604999999999905,4,4,9,0,0,7,0,0,0,3,0,1,0,
Random Grid,20,20,1,40,6,1,0.141899999999993,16,16,44,0,0,32,0,0,0,16,4,1,0,
Random Grid,251,211,1,25726,0,1,32.2654,142,142,392,0,0,290,0,0,0,141,42,1,0,
Random Grid,251,211,1,25726,1,1,1.14440000000002,112,112,322,0,0,224,0,0,0,111,42,1,0,
Random Grid,251,211,1,25726,2,1,0.952499999999986,117,117,334,0,0,234,0,0,0,117,41,1,0,
Random Grid,251,211,3,25726,0,1,21059607.7891,373,219726,2997030,361573,0,24289189,0,0,219662,43652,11434,3,2,
Random Grid,251,211,3,25726,4,1,55.3951000012457,213,71,7407,0,0,569,0,0,0,71,234,3,0,
Random Grid,251,211,3,25726,2,1,669.085400000215,160,469,23019,225,0,31853,0,0,430,126,43,3,2,
Random Grid,251,211,3,25726,0,1,317.0776,741,284,27248,0,0,4537,0,0,0,284,699,3,0,
Random Grid,251,211,3,25726,4,1,118.9851,426,142,15184,0,0,1137,0,0,0,142,275,3,0,
Random Grid,251,211,3,25726,2,1,83.7371999999999,315,142,11573,0,0,3368,0,0,0,142,258,3,0,
Random Grid,251,211,3,25726,0,1,357.4241,741,284,27248,0,0,4537,0,0,0,284,699,3,0,
Random Grid,251,211,3,25726,4,1,131.5717,426,142,15184,0,0,1137,0,0,0,142,275,3,0,
Random Grid,251,211,3,25726,2,1,73.3001999999999,315,142,11573,0,0,3368,0,0,0,142,258,3,0,
Random Grid,251,211,1,25726,0,1,27.0902,284,284,784,0,0,575,0,0,0,283,86,1,0,
Random Grid,251,211,1,25726,1,1,1.54000000000002,224,224,615,0,0,460,0,0,0,223,177,1,0,
Random Grid,251,211,1,25726,2,1,1.03030000000001,233,233,633,0,0,481,0,0,0,233,178,1,0,
Random Grid,251,211,3,25726,0,1,256.5739,741,284,27248,0,0,4537,0,0,0,284,699,3,0,
Random Grid,251,211,1,25726,0,1,28.3599,142,142,392,0,0,290,0,0,0,141,42,1,0,
Random Grid,251,211,1,25726,1,1,0.915300000000002,112,112,322,0,0,224,0,0,0,111,42,1,0,
Random Grid,251,211,1,25726,2,1,0.6447,117,117,334,0,0,234,0,0,0,117,41,1,0,
Random Grid,251,211,3,25726,0,1,100.6115,270,142,13106,0,0,3470,0,0,0,142,141,3,0,
Random Grid,251,211,3,25726,4,1,34.189,153,71,6896,0,0,1305,0,0,0,71,140,3,0,
Random Grid,251,211,3,25726,2,1,23.04,117,71,6265,0,0,2126,0,0,0,71,5,3,0,
Random Grid,251,211,3,25726,0,1,110.998,290,142,13353,0,0,3223,0,0,0,142,205,3,0,
Random Grid,251,211,3,25726,4,1,64.2994,173,71,7143,0,0,1058,0,0,0,71,204,3,0,
Random Grid,251,211,3,25726,2,1,21.052,117,71,6265,0,0,2126,0,0,0,71,5,3,0,
Random Grid,251,211,3,25726,0,1,117.0247,214,142,10443,0,0,4358,0,0,0,142,145,3,0,
Random Grid,251,211,3,25726,4,1,41.3132,143,71,6503,0,0,1498,0,0,0,71,144,3,0,
Random Grid,251,211,3,25726,2,1,17.5304,71,71,3980,0,0,2821,0,0,0,71,5,3,0,
Random Grid,251,211,3,25726,0,1,125.4755,276,142,13167,0,0,3484,0,0,0,142,142,3,0,
Random Grid,251,211,3,25726,4,1,28.8877,164,71,7107,0,0,1169,0,0,0,71,141,3,0,
Random Grid,251,211,3,25726,2,1,48.3772,112,71,6125,0,0,2276,0,0,0,71,9,3,0,
Random Grid,251,211,3,25726,0,1,160.8655,299,142,13463,0,0,3188,0,0,0,142,215,3,0,
Random Grid,251,211,3,25726,4,1,48.9706,187,71,7403,0,0,873,0,0,0,71,214,3,0,
Random Grid,251,211,3,25726,2,1,61.7157,112,71,6125,0,0,2276,0,0,0,71,9,3,0,
Random Grid,251,211,3,25726,0,1,159.7731,299,142,13463,0,0,3188,0,0,0,142,215,3,0,
Random Grid,251,211,3,25726,4,1,42.833,187,71,7403,0,0,873,0,0,0,71,214,3,0,
Random Grid,251,211,3,25726,2,1,55.8048,112,71,6125,0,0,2276,0,0,0,71,9,3,0,
Random Grid,251,211,3,25726,0,1,146.0195,302,142,13268,0,0,2973,0,0,0,142,223,3,0,
Random Grid,251,211,3,25726,4,1,45.7604000000001,190,71,7439,0,0,837,0,0,0,71,222,3,0,
Random Grid,251,211,3,25726,2,1,67.2186,112,71,6107,0,0,2274,0,0,0,71,8,3,0,
Random Grid,251,211,3,25726,0,1,143.7333,302,142,13268,0,0,2973,0,0,0,142,223,3,0,
Random Grid,251,211,3,25726,4,1,40.3305999999999,190,71,7439,0,0,837,0,0,0,71,222,3,0,
Random Grid,251,211,3,25726,2,1,52.9457,112,71,6107,0,0,2274,0,0,0,71,8,3,0,
Random Grid,251,211,3,25726,0,1,146.6422,304,142,13291,0,0,2940,0,0,0,142,300,3,0,
Random Grid,251,211,3,25726,4,1,42.5557,191,71,7451,0,0,825,0,0,0,71,224,3,0,
Random Grid,251,211,3,25726,2,1,65.9239,113,71,6109,0,0,2247,0,0,0,71,13,3,0,
Random Grid,251,211,3,25726,0,1,144.0951,305,142,13362,0,0,2984,0,0,0,142,303,3,0,
Random Grid,251,211,3,25726,4,1,43.5619,192,71,7462,0,0,814,0,0,0,71,228,3,0,
Random Grid,251,211,3,25726,2,1,50.684,113,72,6167,0,0,2289,0,0,1,72,12,3,0,
Random Grid,251,211,3,25726,0,1,147.985,305,142,13362,0,0,2984,0,0,0,142,235,3,0,
Random Grid,251,211,3,25726,4,1,47.8471,192,71,7462,0,0,814,0,0,0,71,228,3,0,
Random Grid,251,211,3,25726,2,1,75.3287,113,71,6099,0,0,2247,0,0,0,71,21,3,0,
Random Grid,251,211,3,25726,0,1,149.5126,372,142,14122,0,0,2199,0,0,0,142,275,3,0,
Random Grid,251,211,3,25726,4,1,46.8421,213,71,7407,0,0,569,0,0,0,71,248,3,0,
Random Grid,251,211,3,25726,2,1,39.2881,159,71,6781,0,0,1605,0,0,0,71,61,3,0,
Random Grid,251,211,3,25726,0,1,137.1262,373,142,14133,0,0,2188,0,0,0,142,378,3,0,
Random Grid,251,211,3,25726,4,1,57.9623,213,71,7407,0,0,569,0,0,0,71,248,3,0,
Random Grid,251,211,3,25726,2,1,26.4454,160,71,6787,0,0,1594,0,0,0,71,66,3,0,
Random Grid,251,211,3,25726,0,1,147.9916,372,142,14122,0,0,2199,0,0,0,142,275,3,0,
Random Grid,251,211,3,25726,4,1,61.2488,213,71,7407,0,0,569,0,0,0,71,248,3,0,
Random Grid,251,211,3,25726,2,1,28.4618,159,71,6781,0,0,1605,0,0,0,71,61,3,0,
Random Grid,251,211,1,25726,0,1,26.9496,284,284,784,0,0,575,0,0,0,283,86,1,0,
Random Grid,251,211,1,25726,1,1,1.03269999999998,224,224,615,0,0,460,0,0,0,223,177,1,0,
Random Grid,251,211,1,25726,0,1,31.403,284,284,784,0,0,575,0,0,0,283,86,1,0,
Random Grid,251,211,1,25726,1,1,0.995600000000024,224,224,615,0,0,460,0,0,0,223,177,1,0,
Random Grid,251,211,2,25726,0,1,14.7669999999999,508,284,5050,0,0,1512,0,0,0,284,303,2,0,
Random Grid,251,211,2,25726,3,1,5.24839999999995,254,142,2580,0,0,751,0,0,0,142,111,2,0,
Random Grid,251,211,2,25726,2,1,4.20219999999995,254,142,2357,0,0,762,0,0,0,142,112,2,0,
Random Grid,252,252,3,41912,0,1,26.5691,3,3,5,0,0,5,0,0,0,1,0,3,0,
Random Grid,252,252,3,41912,4,1,0.0944000000000074,2,2,3,0,0,3,0,0,0,0,0,3,0,
Random Grid,252,252,3,41912,2,1,0.888899999999978,1,1,3,0,0,1,0,0,0,0,0,3,0,
Random Grid,251,211,1,25726,0,1,30.9831,284,284,784,0,0,575,0,0,0,283,86,1,0,
Random Grid,251,211,1,25726,1,1,1.49809999999997,223,223,612,0,0,458,0,0,0,222,177,1,0,
Random Grid,251,211,1,25726,2,1,1.65330000000006,233,233,633,0,0,481,0,0,0,233,178,1,0,
Random Grid,251,211,3,25726,0,1,257.7899,740,284,27236,0,0,4549,0,0,0,284,699,3,0,
Random Grid,251,211,1,25726,0,1,31.1447,284,284,784,0,0,575,0,0,0,283,86,1,0,
Random Grid,251,211,1,25726,1,1,1.30020000000002,223,223,612,0,0,458,0,0,0,222,177,1,0,
Random Grid,251,211,1,25726,2,1,1.06309999999996,233,233,633,0,0,481,0,0,0,233,178,1,0,
Random Grid,251,211,3,25726,0,1,277.8946,740,284,27236,0,0,4549,0,0,0,284,699,3,0,
Random Grid,251,211,1,25726,0,1,38.364,284,284,784,0,0,575,0,0,0,283,86,1,0,
Random Grid,251,211,1,25726,1,1,1.2484,224,224,615,0,0,460,0,0,0,223,177,1,0,
Random Grid,251,211,1,25726,2,1,0.846200000000067,193,193,566,0,0,389,0,0,0,193,178,1,0,
Random Grid,251,211,3,25726,0,1,258.5373,701,284,27362,0,0,5174,0,0,0,284,728,3,0,
Random Grid,251,211,3,25726,4,1,103.3268,351,142,14092,0,0,2559,0,0,0,142,117,3,0,
Random Grid,251,211,3,25726,2,1,128.1153,350,142,11931,0,0,2570,0,0,0,142,295,3,0,
Random Grid,251,211,1,25726,0,1,27.9439,284,284,784,0,0,575,0,0,0,283,86,1,0,
Random Grid,251,211,1,25726,1,1,1.37759999999997,224,224,615,0,0,460,0,0,0,223,177,1,0,
Random Grid,251,211,1,25726,2,1,1.04849999999999,233,233,633,0,0,481,0,0,0,233,178,1,0,
Random Grid,251,211,4,25726,0,1,1552.3984,964,284,139341,0,0,17180,0,0,0,284,1343,4,0,
Random Grid,251,211,1,25726,0,1,30.6011,284,284,784,0,0,575,0,0,0,283,86,1,0,
Random Grid,251,211,1,25726,1,1,0.97890000000001,224,224,615,0,0,460,0,0,0,223,177,1,0,
Random Grid,251,211,1,25726,2,1,0.8198000000001,193,193,566,0,0,389,0,0,0,193,178,1,0,
Random Grid,251,211,4,25726,0,1,1204.8513,926,284,141179,0,0,19097,0,0,0,284,1426,4,0,
Random Grid,251,211,1,25726,0,1,29.0599,284,284,784,0,0,575,0,0,0,283,86,1,0,
Random Grid,251,211,1,25726,1,1,1.04340000000002,224,224,615,0,0,460,0,0,0,223,177,1,0,
Random Grid,251,211,1,25726,2,1,1.13300000000004,193,193,566,0,0,389,0,0,0,193,178,1,0,
Random Grid,251,211,4,25726,0,1,1202.5078,928,284,141479,0,0,18797,0,0,0,284,1426,4,0,
Random Grid,251,211,1,25726,0,1,29.5858,284,284,784,0,0,575,0,0,0,283,86,1,0,
Random Grid,251,211,1,25726,1,1,1.02749999999998,224,224,615,0,0,460,0,0,0,223,177,1,0,
Random Grid,251,211,1,25726,2,1,3.07399999999996,233,233,633,0,0,481,0,0,0,233,178,1,0,
Random Grid,251,211,1,25726,3,1,0.90829999999994,223,223,643,0,0,453,0,0,0,223,136,1,0,
Random Grid,251,211,4,25726,0,1,1475.2488,964,284,139341,0,0,17180,0,0,0,284,1343,4,0,
Random Grid,251,211,1,25726,0,1,29.4313,284,284,784,0,0,575,0,0,0,283,86,1,0,
Random Grid,251,211,1,25726,1,1,1.07029999999997,224,224,615,0,0,460,0,0,0,223,177,1,0,
Random Grid,251,211,1,25726,2,1,1.51109999999994,193,193,566,0,0,389,0,0,0,193,178,1,0,
Random Grid,251,211,1,25726,3,1,1.53480000000002,223,223,643,0,0,453,0,0,0,223,136,1,0,
Random Grid,251,211,4,25726,0,1,1200.4567,924,284,140969,0,0,19307,0,0,0,284,1426,4,0,
Random Grid,251,211,4,25726,5,1,425.7148,463,142,73716,0,0,9535,0,0,0,142,121,4,0,
Random Grid,251,211,4,25726,2,1,498.9948,461,142,61041,0,0,9530,0,0,0,142,650,4,0,
Random Grid,251,211,1,25726,0,1,32.2196,284,284,784,0,0,575,0,0,0,283,86,1,0,
Random Grid,251,211,1,25726,1,1,1.52180000000004,224,224,615,0,0,460,0,0,0,223,177,1,0,
Random Grid,251,211,1,25726,2,1,0.858900000000062,193,193,566,0,0,389,0,0,0,193,178,1,0,
Random Grid,251,211,1,25726,3,1,1.27599999999995,223,223,643,0,0,453,0,0,0,223,136,1,0,
Random Grid,251,211,4,25726,0,1,1294.5346,924,284,140969,0,0,19307,0,0,0,284,1426,4,0,
Random Grid,251,211,4,25726,5,1,434.075,463,142,73716,0,0,9535,0,0,0,142,121,4,0,
Random Grid,251,211,4,25726,2,1,592.24,461,142,61041,0,0,9530,0,0,0,142,650,4,0,
Random Grid,251,211,1,25726,0,1,27.6133,284,284,784,0,0,575,0,0,0,283,86,1,0,
Random Grid,251,211,1,25726,1,1,0.995200000000011,224,224,615,0,0,460,0,0,0,223,177,1,0,
Random Grid,251,211,1,25726,2,1,1.4325,233,233,633,0,0,481,0,0,0,233,178,1,0,
Random Grid,251,211,1,25726,3,1,1.68100000000004,223,223,643,0,0,453,0,0,0,223,136,1,0,
Random Grid,251,211,1,25726,4,1,0.709599999999909,164,164,477,0,0,329,0,0,0,163,106,1,0,
Random Grid,251,211,1,25726,0,1,33.0157,284,284,784,0,0,575,0,0,0,283,86,1,0,
Random Grid,251,211,1,25726,1,1,1.1019,224,224,615,0,0,460,0,0,0,223,177,1,0,
Random Grid,251,211,1,25726,2,1,0.991999999999962,193,193,566,0,0,389,0,0,0,193,178,1,0,
Random Grid,251,211,1,25726,3,1,1.23850000000004,223,223,643,0,0,453,0,0,0,223,136,1,0,
Random Grid,251,211,4,25726,0,1,1164.8296,924,284,140969,0,0,19307,0,0,0,284,1426,4,0,
Random Grid,251,211,4,25726,5,1,479.6651,463,142,73716,0,0,9535,0,0,0,142,121,4,0,
Random Grid,251,211,4,25726,2,1,611.0248,461,142,61041,0,0,9530,0,0,0,142,650,4,0,
Random Grid,251,211,1,25726,0,1,33.0741,284,284,784,0,0,575,0,0,0,283,86,1,0,
Random Grid,251,211,1,25726,1,1,1.44830000000002,224,224,615,0,0,460,0,0,0,223,177,1,0,
Random Grid,251,211,1,25726,2,1,0.875,193,193,566,0,0,389,0,0,0,193,178,1,0,
Random Grid,251,211,1,25726,3,1,1.5412,223,223,643,0,0,453,0,0,0,223,136,1,0,
Random Grid,251,211,4,25726,0,1,1213.2147,924,284,140969,0,0,19307,0,0,0,284,1426,4,0,
Random Grid,251,211,4,25726,5,1,441.9083,463,142,73716,0,0,9535,0,0,0,142,121,4,0,
Random Grid,251,211,4,25726,2,1,533.627,461,142,61041,0,0,9530,0,0,0,142,650,4,0,
Random Grid,251,211,1,25726,0,1,32.762,284,284,784,0,0,575,0,0,0,283,86,1,0,
Random Grid,251,211,1,25726,1,1,1.06229999999999,224,224,615,0,0,460,0,0,0,223,177,1,0,
Random Grid,251,211,1,25726,2,1,1.03780000000006,193,193,566,0,0,389,0,0,0,193,178,1,0,
Random Grid,251,211,1,25726,3,1,1.06229999999994,223,223,643,0,0,453,0,0,0,223,136,1,0,
Random Grid,251,211,4,25726,0,1,1182.1328,924,284,140969,0,0,19307,0,0,0,284,1426,4,0,
Random Grid,251,211,4,25726,5,1,480.4862,463,142,73716,0,0,9535,0,0,0,142,121,4,0,
Random Grid,251,211,4,25726,2,1,505.637,461,142,61041,0,0,9530,0,0,0,142,650,4,0,
Random Grid,251,211,1,25726,0,1,25.9153,284,284,784,0,0,575,0,0,0,283,86,1,0,
Random Grid,251,211,1,25726,1,1,1.0453,224,224,615,0,0,460,0,0,0,223,177,1,0,
Random Grid,251,211,1,25726,2,1,1.68970000000002,233,233,633,0,0,481,0,0,0,233,178,1,0,
Random Grid,251,211,1,25726,3,1,1.0141000000001,223,223,643,0,0,453,0,0,0,223,136,1,0,
Random Grid,251,211,1,25726,4,1,0.897600000000011,164,164,477,0,0,329,0,0,0,163,106,1,0,
Random Grid,251,211,1,25726,0,1,26.6248,284,284,784,0,0,575,0,0,0,283,86,1,0,
Random Grid,251,211,1,25726,1,1,1.0299,224,224,615,0,0,460,0,0,0,223,177,1,0,
Random Grid,251,211,1,25726,2,1,1.65449999999998,193,193,566,0,0,389,0,0,0,193,178,1,0,
Random Grid,251,211,1,25726,3,1,1.17449999999997,223,223,643,0,0,453,0,0,0,223,136,1,0,
Random Grid,251,211,1,25726,4,1,0.743900000000053,164,164,477,0,0,329,0,0,0,163,106,1,0,
Random Grid,251,211,5,25726,0,1,90142.6982,1088,284,704169,0,0,88582,0,0,0,284,2506,5,0,
Random Grid,251,211,5,25726,6,1,42444.6738,545,142,366917,0,0,43709,0,0,0,142,248,5,0,
Random Grid,251,211,5,25726,2,1,20759.5841,543,142,307275,0,0,43576,0,0,0,142,1122,5,0,
Random Grid,251,211,1,25726,0,1,28.3587,284,284,784,0,0,575,0,0,0,283,86,1,0,
Random Grid,251,211,1,25726,1,1,1.0462,224,224,615,0,0,460,0,0,0,223,177,1,0,
Random Grid,251,211,1,25726,2,1,1.09550000000002,193,193,566,0,0,389,0,0,0,193,178,1,0,
Random Grid,251,211,1,25726,3,1,1.14249999999993,223,223,643,0,0,453,0,0,0,223,136,1,0,
Random Grid,251,211,4,25726,0,1,1190.5355,924,284,140969,0,0,19307,0,0,0,284,1426,4,0,
Random Grid,251,211,4,25726,5,1,479.7311,463,142,73716,0,0,9535,0,0,0,142,121,4,0,
Random Grid,251,211,4,25726,2,1,601.6401,461,142,61041,0,0,9530,0,0,0,142,650,4,0,
Random Grid,251,211,1,25726,0,1,30.5979,284,284,784,0,0,575,0,0,0,283,86,1,0,
Random Grid,251,211,1,25726,1,1,2.00220000000002,224,224,615,0,0,460,0,0,0,223,177,1,0,
Random Grid,251,211,1,25726,2,1,3.32449999999994,193,193,566,0,0,389,0,0,0,193,178,1,0,
Random Grid,251,211,1,25726,3,1,1.49930000000006,223,223,643,0,0,453,0,0,0,223,136,1,0,
Random Grid,251,211,4,25726,0,1,1275.6222,924,284,140969,0,0,19307,0,0,0,284,1426,4,0,
Random Grid,251,211,4,25726,5,1,445.6847,463,142,73716,0,0,9535,0,0,0,142,121,4,0,
Random Grid,251,211,4,25726,2,1,561.4868,461,142,61041,0,0,9530,0,0,0,142,650,4,0,
Random Grid,251,211,1,25726,0,1,28.7451,284,284,784,0,0,575,0,0,0,283,86,1,0,
Random Grid,251,211,1,25726,1,1,1.19229999999999,224,224,615,0,0,460,0,0,0,223,177,1,0,
Random Grid,251,211,1,25726,2,1,1.80900000000008,193,193,566,0,0,389,0,0,0,193,178,1,0,
Random Grid,251,211,1,25726,3,1,0.948499999999967,223,223,643,0,0,453,0,0,0,223,136,1,0,
Random Grid,251,211,4,25726,0,1,1306.9885,924,284,140969,0,0,19307,0,0,0,284,1426,4,0,
Random Grid,251,211,4,25726,5,1,482.226,463,142,73716,0,0,9535,0,0,0,142,121,4,0,
Random Grid,251,211,4,25726,2,1,503.7395,461,142,61041,0,0,9530,0,0,0,142,650,4,0,
Random Grid,251,211,1,25726,0,1,33.5672,284,284,784,0,0,575,0,0,0,283,86,1,0,
Random Grid,251,211,1,25726,1,1,1.11009999999999,224,224,615,0,0,460,0,0,0,223,177,1,0,
Random Grid,251,211,1,25726,2,1,1.19550000000004,193,193,566,0,0,389,0,0,0,193,178,1,0,
Random Grid,251,211,1,25726,3,1,1.25149999999996,223,223,643,0,0,453,0,0,0,223,136,1,0,
Random Grid,251,211,4,25726,0,1,1373.3091,924,284,140969,0,0,19307,0,0,0,284,1426,4,0,
Random Grid,251,211,4,25726,5,1,446.5555,463,142,73716,0,0,9535,0,0,0,142,121,4,0,
Random Grid,251,211,4,25726,2,1,603.3218,461,142,61041,0,0,9530,0,0,0,142,650,4,0,
Random Grid,251,211,1,25726,0,1,31.3209,284,284,784,0,0,575,0,0,0,283,86,1,0,
Random Grid,251,211,1,25726,1,1,1.00700000000001,224,224,615,0,0,460,0,0,0,223,177,1,0,
Random Grid,251,211,1,25726,2,1,1.07849999999996,193,193,566,0,0,389,0,0,0,193,178,1,0,
Random Grid,251,211,1,25726,3,1,1.14650000000006,223,223,643,0,0,453,0,0,0,223,136,1,0,
Random Grid,251,211,4,25726,0,1,1266.6662,924,284,140969,0,0,19307,0,0,0,284,1426,4,0,
Random Grid,251,211,4,25726,5,1,464.5592,463,142,73716,0,0,9535,0,0,0,142,121,4,0,
Random Grid,251,211,4,25726,2,1,585.1328,461,142,61041,0,0,9530,0,0,0,142,650,4,0,
Random Grid,251,211,1,25726,0,1,28.8873,284,284,784,0,0,575,0,0,0,283,86,1,0,
Random Grid,251,211,1,25726,1,1,1.06229999999999,224,224,615,0,0,460,0,0,0,223,177,1,0,
Random Grid,251,211,1,25726,2,1,1.06190000000004,193,193,566,0,0,389,0,0,0,193,178,1,0,
Random Grid,251,211,1,25726,3,1,0.954500000000053,223,223,643,0,0,453,0,0,0,223,136,1,0,
Random Grid,251,211,4,25726,0,1,1196.6668,924,284,140969,0,0,19307,0,0,0,284,1426,4,0,
Random Grid,251,211,4,25726,5,1,446.4713,463,142,73716,0,0,9535,0,0,0,142,121,4,0,
Random Grid,251,211,4,25726,2,1,532.7943,461,142,61041,0,0,9530,0,0,0,142,650,4,0,
Random Grid,251,211,1,25726,0,1,29.6921,284,284,784,0,0,575,0,0,0,283,86,1,0,
Random Grid,251,211,1,25726,1,1,1.03619999999995,224,224,615,0,0,460,0,0,0,223,177,1,0,
Random Grid,251,211,1,25726,2,1,0.852899999999977,193,193,566,0,0,389,0,0,0,193,178,1,0,
Random Grid,251,211,1,25726,3,1,1.46100000000001,223,223,643,0,0,453,0,0,0,223,136,1,0,
Random Grid,251,211,1,25726,4,1,0.948200000000043,164,164,477,0,0,329,0,0,0,163,106,1,0,
Random Grid,251,211,5,25726,0,1,92780.2589,1088,284,704169,0,0,88582,0,0,0,284,2506,5,0,
Random Grid,251,211,5,25726,6,1,44019.697,545,142,366917,0,0,43709,0,0,0,142,248,5,0,
Random Grid,251,211,5,25726,2,1,21484.3747,543,142,307275,0,0,43576,0,0,0,142,1122,5,0,
Random Grid,251,211,1,25726,0,1,30.7164,284,284,784,0,0,575,0,0,0,283,86,1,0,
Random Grid,251,211,1,25726,1,1,0.944999999999993,224,224,615,0,0,460,0,0,0,223,177,1,0,
Random Grid,251,211,1,25726,2,1,0.912599999999998,193,193,566,0,0,389,0,0,0,193,178,1,0,
Random Grid,251,211,1,25726,3,1,0.963999999999942,223,223,643,0,0,453,0,0,0,223,136,1,0,
Random Grid,251,211,1,25726,4,1,0.680299999999988,164,164,477,0,0,329,0,0,0,163,106,1,0,
Random Grid,251,211,1,25726,5,1,0.560200000000123,133,133,400,0,0,266,0,0,0,133,41,1,0,
Random Grid,251,211,6,25726,0,1,777645.5299,1221,284,3529906,0,0,430095,0,0,0,284,3540,6,0,
Random Grid,251,211,6,25726,7,1,184944.6989,612,142,1836817,0,0,211934,0,0,0,142,526,6,0,
Random Grid,251,211,6,25726,2,1,255094.2941,609,142,1541239,0,0,211412,0,0,0,142,1126,6,0,
Random Grid,251,211,2,25726,0,1,42.2412,508,284,5050,0,0,1512,0,0,0,284,303,2,0,
Random Grid,251,211,2,25726,3,1,5.87690000000003,284,142,2758,0,0,573,0,0,0,142,111,2,0,
Random Grid,251,211,2,25726,2,1,4.17939999999999,224,142,2177,0,0,942,0,0,0,142,112,2,0,
Random Grid,251,211,3,25726,0,1,277.9634,701,284,27362,0,0,5174,0,0,0,284,728,3,0,
Random Grid,251,211,3,25726,4,1,125.5813,426,142,15514,0,0,1137,0,0,0,142,117,3,0,
Random Grid,251,211,3,25726,2,1,94.7538999999999,275,142,11260,0,0,4015,0,0,0,142,217,3,0,
Random Grid,251,211,3,25726,0,1,294.3608,701,284,27362,0,0,5174,0,0,0,284,728,3,0,
Random Grid,251,211,3,25726,4,1,125.95,426,142,15514,0,0,1137,0,0,0,142,117,3,0,
Random Grid,251,211,3,25726,2,1,76.7391,275,142,11260,0,0,4015,0,0,0,142,217,3,0,
Random Grid,251,211,3,25726,0,1,285.6682,701,284,27362,0,0,5174,0,0,0,284,728,3,0,
Random Grid,251,211,3,25726,4,1,124.2227,426,142,15514,0,0,1137,0,0,0,142,117,3,0,
Random Grid,251,211,3,25726,2,1,83.7522000000001,275,142,11260,0,0,4015,0,0,0,142,217,3,0,
Random Grid,251,211,4,25726,0,1,1335.4721,924,284,140969,0,0,19307,0,0,0,284,1426,4,0,
Random Grid,251,211,4,25726,5,1,471.2567,568,142,79956,0,0,2270,0,0,0,142,357,4,0,
Random Grid,251,211,4,25726,2,1,541.8566,356,142,53918,0,0,13953,0,0,0,142,499,4,0,
Random Grid,251,211,5,25726,0,1,90973.9089,1088,284,704169,0,0,88582,0,0,0,284,2506,5,0,
Random Grid,251,211,5,25726,6,1,53839.3439,710,142,397972,0,0,4529,0,0,0,142,754,5,0,
Random Grid,251,211,5,25726,2,1,13643.6137,378,142,270650,0,0,68701,0,0,0,142,507,5,0,
Random Grid,251,211,6,25726,0,1,817466.2801,1221,284,3529906,0,0,430095,0,0,0,284,3540,6,0,
Random Grid,251,211,6,25726,7,1,115731.0827,843,142,1998921,0,0,9830,0,0,0,142,1288,6,0,
Random Grid,251,211,6,25726,2,1,423449.9873,378,142,1353250,0,0,343501,0,0,0,142,508,6,0,
Random Grid,90,227,3,11577,0,1,90.942,437,208,10308,0,0,4263,0,0,0,208,154,3,0,
Random Grid,90,227,3,11577,4,1,29.344,251,104,5063,0,0,1548,0,0,0,104,126,3,0,
Random Grid,90,227,3,11577,2,1,15.3201,186,104,4685,0,0,2276,0,0,0,104,25,3,0,
Random Grid,90,227,1,11577,0,1,27.7408,208,208,342,0,0,417,0,0,0,208,43,1,0,
Random Grid,90,227,1,11577,1,1,0.253199999999993,43,43,131,0,0,85,0,0,0,43,42,1,0,
Random Grid,90,227,1,11577,2,1,0.779499999999985,186,186,279,0,0,372,0,0,0,186,10,1,0,
Random Grid,90,227,3,11577,0,1,51.9304,437,208,10308,0,0,4263,0,0,0,208,154,3,0,
Random Grid,90,227,3,11577,4,1,19.6736999999999,219,104,4682,0,0,1899,0,0,0,104,45,3,0,
Random Grid,90,227,3,11577,2,1,24.811,218,104,5096,0,0,1915,0,0,0,104,69,3,0,
Random Grid,90,227,1,11577,0,1,27.1233,208,208,342,0,0,417,0,0,0,208,43,1,0,
Random Grid,90,227,1,11577,1,1,0.3536,43,43,131,0,0,85,0,0,0,43,42,1,0,
Random Grid,90,227,1,11577,2,1,0.809899999999971,186,186,279,0,0,372,0,0,0,186,10,1,0,
Random Grid,90,227,1,11577,3,1,0.8904,202,202,324,0,0,405,0,0,0,202,39,1,0,
Random Grid,90,227,4,11577,0,1,339.4871,639,208,45868,0,0,9293,0,0,0,208,321,4,0,
Random Grid,90,227,4,11577,5,1,156.0449,320,104,24061,0,0,3860,0,0,0,104,132,4,0,
Random Grid,90,227,4,11577,2,1,108.3278,319,104,19317,0,0,3884,0,0,0,104,85,4,0,
Random Grid,90,227,1,11577,0,1,34.4896,208,208,342,0,0,417,0,0,0,208,43,1,0,
Random Grid,90,227,1,11577,1,1,0.229900000000015,43,43,131,0,0,85,0,0,0,43,42,1,0,
Random Grid,90,227,1,11577,2,1,1.49219999999997,204,204,331,0,0,409,0,0,0,203,15,1,0,
Random Grid,90,227,1,11577,3,1,0.591400000000021,186,186,279,0,0,372,0,0,0,186,10,1,0,
Random Grid,90,227,1,11577,4,1,0.714200000000005,202,202,324,0,0,405,0,0,0,202,39,1,0,
Random Grid,90,227,5,11577,0,1,9944.5215,843,766,415758,3572,0,107325,0,0,545,694,619,5,0,
Random Grid,90,227,5,11577,6,1,1948.5408,422,104,108948,0,0,7803,0,0,0,104,259,5,0,
Random Grid,90,227,1,11577,0,1,26.2447,208,208,342,0,0,417,0,0,0,208,43,1,0,
Random Grid,90,227,1,11577,1,1,0.290399999999977,43,43,131,0,0,85,0,0,0,43,42,1,0,
Random Grid,90,227,1,11577,2,1,1.34989999999999,204,204,331,0,0,409,0,0,0,203,15,1,0,
Random Grid,90,227,1,11577,3,1,0.608000000000004,186,186,279,0,0,372,0,0,0,186,10,1,0,
Random Grid,90,227,1,11577,4,1,0.720600000000104,202,202,324,0,0,405,0,0,0,202,39,1,0,
Random Grid,90,227,5,11577,0,1,9399.9876,843,766,415758,3572,0,107325,0,0,545,694,619,5,0,
Random Grid,90,227,5,11577,6,1,1842.31,422,104,108948,0,0,7803,0,0,0,104,259,5,0,
Random Grid,90,227,1,11577,0,1,27.5895,208,208,342,0,0,417,0,0,0,208,43,1,0,
Random Grid,90,227,1,11577,1,1,0.277299999999968,43,43,131,0,0,85,0,0,0,43,42,1,0,
Random Grid,90,227,1,11577,2,1,1.7217,204,204,331,0,0,409,0,0,0,203,15,1,0,
Random Grid,90,227,1,11577,3,1,0.847800000000007,186,186,279,0,0,372,0,0,0,186,10,1,0,
Random Grid,90,227,1,11577,4,1,0.7423,202,202,324,0,0,405,0,0,0,202,39,1,0,
Random Grid,90,227,5,11577,0,1,9321.43,843,766,415758,3572,0,107325,0,0,545,694,619,5,0,
Random Grid,90,227,5,11577,6,1,2039.2933,422,104,108948,0,0,7803,0,0,0,104,259,5,0,
Random Grid,90,227,1,11577,0,1,31.9921,208,208,342,0,0,417,0,0,0,208,43,1,0,
Random Grid,90,227,1,11577,1,1,0.273400000000038,43,43,131,0,0,85,0,0,0,43,42,1,0,
Random Grid,90,227,1,11577,2,1,2.31700000000001,204,204,331,0,0,409,0,0,0,203,15,1,0,
Random Grid,90,227,1,11577,3,1,0.783399999999972,186,186,279,0,0,372,0,0,0,186,10,1,0,
Random Grid,90,227,1,11577,4,1,1.01089999999999,202,202,324,0,0,405,0,0,0,202,39,1,0,
Random Grid,90,227,5,11577,0,1,9396.0527,843,766,415758,3572,0,107325,0,0,545,694,619,5,0,
Random Grid,90,227,5,11577,6,1,2035.4564,422,104,108948,0,0,7803,0,0,0,104,259,5,0,
Random Grid,90,227,1,11577,0,1,29.0695,208,208,342,0,0,417,0,0,0,208,43,1,0,
Random Grid,90,227,1,11577,1,1,0.368600000000015,43,43,131,0,0,85,0,0,0,43,42,1,0,
Random Grid,90,227,1,11577,2,1,1.8485,204,204,331,0,0,409,0,0,0,203,15,1,0,
Random Grid,90,227,1,11577,3,1,1.31040000000002,186,186,279,0,0,372,0,0,0,186,10,1,0,
Random Grid,90,227,1,11577,4,1,2.3975999999999,211,211,350,0,0,423,0,0,0,211,48,1,0,
Random Grid,90,227,5,11577,0,1,3325.8128,852,211,205815,0,0,21061,0,0,0,211,570,5,0,
Random Grid,90,227,5,11577,6,1,2166.2514,427,106,111708,0,0,8103,0,0,0,106,267,5,0,
Random Grid,90,227,5,11577,2,1,1185.2057,425,105,84665,0,0,7881,0,0,0,105,114,5,0,
Random Grid,90,227,1,11577,0,1,27.6504,208,208,342,0,0,417,0,0,0,208,43,1,0,
Random Grid,90,227,1,11577,1,1,0.303400000000011,43,43,131,0,0,85,0,0,0,43,42,1,0,
Random Grid,90,227,1,11577,2,1,1.4151,204,204,331,0,0,409,0,0,0,203,15,1,0,
Random Grid,90,227,1,11577,3,1,0.863200000000006,186,186,279,0,0,372,0,0,0,186,10,1,0,
Random Grid,90,227,1,11577,4,1,0.870700000000056,211,211,350,0,0,423,0,0,0,211,48,1,0,
Random Grid,90,227,5,11577,0,1,3430.7423,852,211,205815,0,0,21061,0,0,0,211,570,5,0,
Random Grid,90,227,5,11577,6,1,2060.354,427,106,111708,0,0,8103,0,0,0,106,267,5,0,
Random Grid,90,227,5,11577,2,1,1017.5933,425,105,84665,0,0,7881,0,0,0,105,114,5,0,
Random Grid,90,227,1,11577,0,1,29.4024,208,208,342,0,0,417,0,0,0,208,43,1,0,
Random Grid,90,227,1,11577,1,1,0.255200000000002,43,43,131,0,0,85,0,0,0,43,42,1,0,
Random Grid,90,227,1,11577,2,1,2.0539,204,204,331,0,0,409,0,0,0,203,15,1,0,
Random Grid,90,227,1,11577,3,1,0.558999999999969,186,186,279,0,0,372,0,0,0,186,10,1,0,
Random Grid,90,227,1,11577,4,1,0.671600000000012,211,211,350,0,0,423,0,0,0,211,48,1,0,
Random Grid,90,227,1,11577,5,1,0.907799999999952,210,210,348,0,0,421,0,0,0,210,17,1,0,
Random Grid,90,227,1,11577,6,1,0.990399999999909,208,208,343,0,0,417,0,0,0,208,43,1,0,
Random Grid,90,227,1,11577,7,1,0.133100000000013,13,13,41,0,0,25,0,0,0,12,11,1,0,
Random Grid,90,227,1,11577,8,1,1.15000000000009,196,196,307,0,0,393,0,0,0,195,7,1,0,
Random Grid,90,227,1,11577,9,1,0.830799999999954,186,186,276,0,0,373,0,0,0,186,10,1,0,
Random Grid,90,227,1,11577,10,1,0.905100000000175,202,202,325,0,0,405,0,0,0,202,39,1,0,
Random Grid,90,227,1,11577,11,1,0.90910000000008,215,215,313,0,0,430,0,0,0,215,22,1,0,
Random Grid,90,227,1,11577,12,1,0.925200000000132,200,200,318,0,0,401,0,0,0,200,48,1,0,
Random Grid,90,227,1,11577,13,1,0.741899999999987,182,182,264,0,0,365,0,0,0,182,6,1,0,
Random Grid,90,227,1,11577,14,1,0.762899999999718,210,210,348,0,0,421,0,0,0,210,47,1,0,
Random Grid,90,227,1,11577,0,1,31.748,208,208,342,0,0,417,0,0,0,208,43,1,0,
Random Grid,90,227,1,11577,1,1,0.255299999999977,43,43,131,0,0,85,0,0,0,43,42,1,0,
Random Grid,90,227,1,11577,2,1,1.53209999999996,204,204,331,0,0,409,0,0,0,203,15,1,0,
Random Grid,90,227,1,11577,3,1,0.628900000000044,186,186,279,0,0,372,0,0,0,186,10,1,0,
Random Grid,90,227,1,11577,4,1,1.0145,211,211,350,0,0,423,0,0,0,211,48,1,0,
Random Grid,90,227,1,11577,5,1,0.816200000000094,210,210,348,0,0,421,0,0,0,210,17,1,0,
Random Grid,90,227,1,11577,6,1,0.906299999999874,208,208,343,0,0,417,0,0,0,208,43,1,0,
Random Grid,90,227,1,11577,7,1,0.775100000000066,191,191,290,0,0,383,0,0,0,190,11,1,0,
Random Grid,90,227,1,11577,0,1,31.6686,208,208,342,0,0,417,0,0,0,208,43,1,0,
Random Grid,90,227,1,11577,1,1,0.358299999999986,43,43,131,0,0,85,0,0,0,43,42,1,0,
Random Grid,90,227,1,11577,2,1,1.69639999999998,204,204,331,0,0,409,0,0,0,203,15,1,0,
Random Grid,90,227,1,11577,3,1,0.669599999999946,185,185,276,0,0,370,0,0,0,185,9,1,0,
Random Grid,90,227,1,11577,4,1,2.10329999999999,211,211,350,0,0,423,0,0,0,211,48,1,0,
Random Grid,90,227,1,11577,5,1,1.55179999999996,210,210,348,0,0,421,0,0,0,210,17,1,0,
Random Grid,90,227,1,11577,6,1,1.00070000000005,207,207,340,0,0,415,0,0,0,207,42,1,0,
Random Grid,90,227,1,11577,7,1,0.884099999999989,191,191,290,0,0,383,0,0,0,190,11,1,0,
Random Grid,90,227,1,11577,0,1,34.5549,208,208,342,0,0,417,0,0,0,208,43,1,0,
Random Grid,90,227,1,11577,1,1,0.324700000000007,43,43,131,0,0,85,0,0,0,43,42,1,0,
Random Grid,90,227,1,11577,2,1,1.58460000000002,204,204,331,0,0,409,0,0,0,203,15,1,0,
Random Grid,90,227,1,11577,3,1,0.964300000000037,185,185,276,0,0,370,0,0,0,185,9,1,0,
Random Grid,90,227,1,11577,4,1,0.94259999999997,211,211,350,0,0,423,0,0,0,211,48,1,0,
Random Grid,90,227,1,11577,5,1,0.819400000000087,210,210,348,0,0,421,0,0,0,210,17,1,0,
Random Grid,90,227,1,11577,6,1,0.826399999999921,207,207,340,0,0,415,0,0,0,207,42,1,0,
Random Grid,90,227,1,11577,0,1,26.7014,208,208,342,0,0,417,0,0,0,208,43,1,0,
Random Grid,90,227,1,11577,1,1,0.248899999999992,43,43,131,0,0,85,0,0,0,43,42,1,0,
Random Grid,90,227,1,11577,2,1,2.29410000000001,204,204,331,0,0,409,0,0,0,203,15,1,0,
Random Grid,90,227,1,11577,3,1,0.668499999999995,185,185,276,0,0,370,0,0,0,185,9,1,0,
Random Grid,90,227,1,11577,4,1,0.785300000000007,211,211,350,0,0,423,0,0,0,211,48,1,0,
Random Grid,90,227,1,11577,5,1,0.863200000000006,210,210,348,0,0,421,0,0,0,210,17,1,0,
Random Grid,90,227,1,11577,6,1,0.961599999999976,207,207,340,0,0,415,0,0,0,207,42,1,0,
Random Grid,90,227,1,11577,0,1,28.2213,208,208,342,0,0,417,0,0,0,208,43,1,0,
Random Grid,90,227,1,11577,1,1,0.351200000000006,43,43,131,0,0,85,0,0,0,43,42,1,0,
Random Grid,90,227,1,11577,2,1,1.89779999999996,204,204,331,0,0,409,0,0,0,203,15,1,0,
Random Grid,90,227,1,11577,3,1,0.94580000000002,185,185,276,0,0,370,0,0,0,185,9,1,0,
Random Grid,90,227,1,11577,4,1,0.88169999999991,211,211,350,0,0,423,0,0,0,211,48,1,0,
Random Grid,90,227,1,11577,5,1,0.728900000000067,210,210,348,0,0,421,0,0,0,210,17,1,0,
Random Grid,90,227,1,11577,6,1,0.998299999999972,207,207,340,0,0,415,0,0,0,207,42,1,0,
Random Grid,90,227,1,11577,0,1,25.5202,208,208,342,0,0,417,0,0,0,208,43,1,0,
Random Grid,90,227,1,11577,1,1,0.296699999999987,43,43,131,0,0,85,0,0,0,43,42,1,0,
Random Grid,90,227,1,11577,2,1,2.01169999999996,204,204,331,0,0,409,0,0,0,203,15,1,0,
Random Grid,90,227,1,11577,3,1,0.636400000000037,185,185,276,0,0,370,0,0,0,185,9,1,0,
Random Grid,90,227,1,11577,4,1,0.803200000000061,211,211,350,0,0,423,0,0,0,211,48,1,0,
Random Grid,90,227,1,11577,5,1,0.677200000000084,210,210,348,0,0,421,0,0,0,210,17,1,0,
Random Grid,90,227,6,11577,0,1,38725.815,1061,211,923602,0,0,42229,0,0,0,211,1007,6,0,
Random Grid,90,227,6,11577,7,1,29208.9425,532,106,511692,0,0,18479,0,0,0,106,506,6,0,
Random Grid,90,227,6,11577,2,1,8265.1539,529,105,379952,0,0,17914,0,0,0,105,179,6,0,
Random Grid,90,227,1,11577,0,1,27.52,208,208,342,0,0,417,0,0,0,208,43,1,0,
Random Grid,90,227,1,11577,1,1,0.251300000000015,43,43,131,0,0,85,0,0,0,43,42,1,0,
Random Grid,90,227,1,11577,2,1,2.04160000000002,204,204,331,0,0,409,0,0,0,203,15,1,0,
Random Grid,90,227,1,11577,3,1,0.733699999999999,185,185,276,0,0,370,0,0,0,185,9,1,0,
Random Grid,90,227,1,11577,4,1,0.929200000000037,211,211,350,0,0,423,0,0,0,211,48,1,0,
Random Grid,90,227,1,11577,5,1,0.883400000000051,210,210,348,0,0,421,0,0,0,210,17,1,0,
Random Grid,90,227,1,11577,6,1,0.699700000000007,192,192,297,0,0,384,0,0,0,191,9,1,0,
Random Grid,90,227,1,11577,0,1,28.0988,208,208,342,0,0,417,0,0,0,208,43,1,0,
Random Grid,90,227,1,11577,1,1,0.294699999999978,43,43,131,0,0,85,0,0,0,43,42,1,0,
Random Grid,90,227,1,11577,2,1,1.6592,204,204,331,0,0,409,0,0,0,203,15,1,0,
Random Grid,90,227,1,11577,3,1,0.757800000000032,185,185,276,0,0,370,0,0,0,185,9,1,0,
Random Grid,90,227,1,11577,4,1,0.701299999999947,211,211,350,0,0,423,0,0,0,211,48,1,0,
Random Grid,90,227,1,11577,5,1,0.891300000000001,210,210,348,0,0,421,0,0,0,210,17,1,0,
Random Grid,90,227,1,11577,6,1,0.766099999999938,192,192,297,0,0,384,0,0,0,191,9,1,0,
Random Grid,90,227,1,11577,7,1,0.622200000000021,194,194,299,0,0,389,0,0,0,194,13,1,0,
Random Grid,90,227,1,11577,0,1,29.2756,208,208,342,0,0,417,0,0,0,208,43,1,0,
Random Grid,90,227,1,11577,1,1,0.263500000000022,43,43,131,0,0,85,0,0,0,43,42,1,0,
Random Grid,90,227,1,11577,2,1,1.5206,204,204,331,0,0,409,0,0,0,203,15,1,0,
Random Grid,90,227,1,11577,3,1,0.677500000000009,185,185,276,0,0,370,0,0,0,185,9,1,0,
Random Grid,90,227,1,11577,4,1,0.699199999999905,211,211,350,0,0,423,0,0,0,211,48,1,0,
Random Grid,90,227,1,11577,5,1,0.873900000000049,210,210,348,0,0,421,0,0,0,210,17,1,0,
Random Grid,90,227,1,11577,6,1,0.789699999999925,192,192,297,0,0,384,0,0,0,191,9,1,0,
Random Grid,90,227,1,11577,7,1,0.707200000000057,213,213,360,0,0,426,0,0,0,213,32,1,0,
Random Grid,90,227,8,11577,0,1,10712645.0475,1466,213,19155004,0,0,470497,0,0,0,213,3453,8,0,
Random Grid,90,227,8,11577,9,1,7713183.7467,735,107,10892877,0,0,90989,0,0,0,107,1870,8,0,
Random Grid,90,227,8,11577,2,1,4575926.2906,731,106,7057685,0,0,84226,0,0,0,106,197,8,0,
Random Grid,90,227,1,11577,0,1,30.1448,208,208,342,0,0,417,0,0,0,208,43,1,0,
Random Grid,90,227,1,11577,1,1,0.263499999999965,43,43,131,0,0,85,0,0,0,43,42,1,0,
Random Grid,90,227,1,11577,2,1,1.68020000000001,204,204,331,0,0,409,0,0,0,203,15,1,0,
Random Grid,90,227,1,11577,3,1,0.782199999999989,185,185,276,0,0,370,0,0,0,185,9,1,0,
Random Grid,90,227,1,11577,4,1,0.833200000000033,211,211,350,0,0,423,0,0,0,211,48,1,0,
Random Grid,90,227,1,11577,5,1,1.20690000000002,210,210,348,0,0,421,0,0,0,210,17,1,0,
Random Grid,90,227,1,11577,6,1,0.606400000000008,192,192,297,0,0,384,0,0,0,191,9,1,0,
Random Grid,90,227,7,11577,0,1,1240350.8056,1253,211,4181669,0,0,126202,0,0,0,211,1739,7,0,
Random Grid,90,227,7,11577,8,1,768713.6215,628,106,2271723,0,0,41448,0,0,0,106,918,7,0,
Random Grid,90,227,7,11577,2,1,626223.3188,625,105,1599268,0,0,39418,0,0,0,105,189,7,0,
Random Grid,90,227,1,11577,0,1,31.2612,208,208,342,0,0,417,0,0,0,208,43,1,0,
Random Grid,90,227,1,11577,1,1,0.304599999999994,43,43,131,0,0,85,0,0,0,43,42,1,0,
Random Grid,90,227,1,11577,2,1,1.4984,204,204,331,0,0,409,0,0,0,203,15,1,0,
Random Grid,90,227,1,11577,3,1,0.649400000000014,185,185,276,0,0,370,0,0,0,185,9,1,0,
Random Grid,90,227,1,11577,4,1,0.705600000000004,211,211,350,0,0,423,0,0,0,211,48,1,0,
Random Grid,90,227,1,11577,5,1,0.74470000000008,210,210,348,0,0,421,0,0,0,210,17,1,0,
Random Grid,90,227,6,11577,0,1,47001.0781,1061,211,923602,0,0,42229,0,0,0,211,1007,6,0,
Random Grid,90,227,6,11577,7,1,34961.8465,532,106,511692,0,0,18479,0,0,0,106,506,6,0,
Random Grid,90,227,6,11577,2,1,9194.92139999999,529,105,379952,0,0,17914,0,0,0,105,179,6,0,
Random Grid,90,227,1,11577,0,1,24.5436,208,208,342,0,0,417,0,0,0,208,43,1,0,
Random Grid,90,227,1,11577,1,1,0.344899999999996,43,43,131,0,0,85,0,0,0,43,42,1,0,
Random Grid,90,227,1,11577,2,1,1.76119999999997,204,204,331,0,0,409,0,0,0,203,15,1,0,
Random Grid,90,227,1,11577,3,1,0.745099999999979,185,185,276,0,0,370,0,0,0,185,9,1,0,
Random Grid,90,227,1,11577,4,1,0.709499999999935,211,211,350,0,0,423,0,0,0,211,48,1,0,
Random Grid,90,227,1,11577,5,1,0.892799999999966,215,215,363,0,0,431,0,0,0,215,17,1,0,
Random Grid,90,227,6,11577,0,1,46275.5203,1066,215,954477,0,0,63499,0,0,0,215,1003,6,0,
Random Grid,90,227,6,11577,7,1,34281.0666,535,108,520332,0,0,20729,0,0,0,108,506,6,0,
Random Grid,90,227,6,11577,2,1,9609.8416,531,107,383102,0,0,20164,0,0,0,107,179,6,0,
Random Grid,90,227,1,11577,0,1,27.1337,208,208,342,0,0,417,0,0,0,208,43,1,0,
Random Grid,90,227,1,11577,1,1,0.247700000000009,43,43,131,0,0,85,0,0,0,43,42,1,0,
Random Grid,90,227,1,11577,2,1,2.08870000000002,204,204,331,0,0,409,0,0,0,203,15,1,0,
Random Grid,90,227,1,11577,3,1,0.761300000000006,185,185,276,0,0,370,0,0,0,185,9,1,0,
Random Grid,90,227,1,11577,4,1,0.761300000000006,211,211,350,0,0,423,0,0,0,211,48,1,0,
Random Grid,90,227,1,11577,5,1,0.723799999999983,215,215,363,0,0,431,0,0,0,215,17,1,0,
Random Grid,90,227,1,11577,6,1,0.730000000000018,197,197,312,0,0,394,0,0,0,196,15,1,0,
Random Grid,90,227,7,11577,0,1,2436519.7967,1263,215,4326514,0,0,215972,0,0,0,215,1903,7,0,
Random Grid,90,227,7,11577,8,1,1858410.4081,634,108,2370663,0,0,46998,0,0,0,108,1002,7,0,
Random Grid,90,227,7,11577,2,1,612890.8816,629,107,1595258,0,0,45368,0,0,0,107,189,7,0,
Random Grid,90,227,1,11577,0,1,25.3144,208,208,342,0,0,417,0,0,0,208,43,1,0,
Random Grid,90,227,1,11577,1,1,0.318399999999997,43,43,131,0,0,85,0,0,0,43,42,1,0,
Random Grid,90,227,1,11577,2,1,1.46089999999998,204,204,331,0,0,409,0,0,0,203,15,1,0,
Random Grid,90,227,1,11577,3,1,0.649100000000033,185,185,276,0,0,370,0,0,0,185,9,1,0,
Random Grid,90,227,1,11577,4,1,0.725800000000049,211,211,350,0,0,423,0,0,0,211,48,1,0,
Random Grid,90,227,1,11577,5,1,1.13499999999999,215,215,363,0,0,431,0,0,0,215,17,1,0,
Random Grid,90,227,6,11577,0,1,48310.9525,1066,215,954477,0,0,63499,0,0,0,215,1003,6,0,
Random Grid,90,227,6,11577,7,1,34352.9306,535,108,520332,0,0,20729,0,0,0,108,506,6,0,
Random Grid,90,227,6,11577,2,1,9689.6226,531,107,383102,0,0,20164,0,0,0,107,179,6,0,
Random Grid,90,227,1,11577,0,1,26.9922,208,208,342,0,0,417,0,0,0,208,43,1,0,
Random Grid,90,227,1,11577,1,1,0.235000000000014,43,43,131,0,0,85,0,0,0,43,42,1,0,
Random Grid,90,227,1,11577,2,1,1.53879999999998,204,204,331,0,0,409,0,0,0,203,15,1,0,
Random Grid,90,227,1,11577,3,1,0.961199999999963,185,185,276,0,0,370,0,0,0,185,9,1,0,
Random Grid,90,227,1,11577,4,1,0.838700000000017,211,211,350,0,0,423,0,0,0,211,48,1,0,
Random Grid,90,227,5,11577,0,1,3411.9801,851,211,204730,0,0,21186,0,0,0,211,554,5,0,
Random Grid,90,227,5,11577,6,1,2277.3253,427,106,113208,0,0,9243,0,0,0,106,259,5,0,
Random Grid,90,227,5,11577,2,1,995.1621,424,105,87185,0,0,8961,0,0,0,105,114,5,0,
Random Grid,90,227,1,11577,0,1,25.8149,208,208,342,0,0,417,0,0,0,208,43,1,0,
Random Grid,90,227,1,11577,1,1,0.235900000000015,43,43,131,0,0,85,0,0,0,43,42,1,0,
Random Grid,90,227,1,11577,2,1,2.23839999999996,204,204,331,0,0,409,0,0,0,203,15,1,0,
Random Grid,90,227,1,11577,3,1,0.783000000000015,185,185,276,0,0,370,0,0,0,185,9,1,0,
Random Grid,90,227,1,11577,4,1,0.737199999999916,211,211,350,0,0,423,0,0,0,211,48,1,0,
Random Grid,90,227,1,11577,5,1,0.827200000000062,215,215,363,0,0,431,0,0,0,215,17,1,0,
Random Grid,90,227,1,11577,6,1,1.0213,197,197,312,0,0,394,0,0,0,196,15,1,0,
Random Grid,90,227,7,11577,0,1,2515022.1629,1263,215,4326514,0,0,215972,0,0,0,215,1903,7,0,
Random Grid,90,227,7,11577,8,1,1722855.987,634,108,2370663,0,0,46998,0,0,0,108,1002,7,0,
Random Grid,90,227,7,11577,2,1,581483.4416,629,107,1595258,0,0,45368,0,0,0,107,189,7,0,
Random Grid,20,20,5,40,0,1,6252.9212,27,78,56291,229,0,100269,0,0,71,11,36,5,2,
Random Grid,20,20,5,40,6,1,119.3319,21,6,10199,0,0,852,0,0,0,6,35,5,0,
Random Grid,20,20,5,40,2,1,160.0928,6,7,9200,0,0,7901,0,0,2,4,4,5,2,
Random Grid,20,20,5,40,0,1,6317.0329,27,78,56291,229,0,100269,0,0,71,11,36,5,2,
Random Grid,20,20,5,40,6,1,115.5354,21,6,10199,0,0,852,0,0,0,6,35,5,0,
Random Grid,20,20,5,40,2,1,162.4275,6,7,9200,0,0,7901,0,0,2,4,4,5,2,
Random Grid,20,20,6,40,0,1,2217.3127,83,17,121974,0,0,2231,0,0,0,17,214,6,0,
Random Grid,20,20,6,40,7,1,1440.8377,51,9,74514,0,0,647,0,0,0,9,68,6,0,
Random Grid,20,20,6,40,2,1,806.1307,32,8,54256,0,0,2001,0,0,0,8,29,6,0,
Random Grid,20,20,6,40,0,1,2191.3785,83,17,121974,0,0,2231,0,0,0,17,214,6,0,
Random Grid,20,20,6,40,7,1,1360.2716,51,9,74514,0,0,647,0,0,0,9,68,6,0,
Random Grid,20,20,6,40,2,1,737.610700000001,32,8,54256,0,0,2001,0,0,0,8,29,6,0,
Random Grid,20,20,6,40,0,1,2182.5579,83,17,121974,0,0,2231,0,0,0,17,214,6,0,
Random Grid,20,20,6,40,7,1,1381.7942,51,9,74514,0,0,647,0,0,0,9,68,6,0,
Random Grid,20,20,6,40,2,1,784.1479,32,8,54256,0,0,2001,0,0,0,8,29,6,0,
,20,20,5,352,0,1,28.0723,1,1,8,0,0,1,0,0,0,0,0,5,0,
Random Grid,20,20,5,352,6,1,0.100799999999992,1,1,8,0,0,1,0,0,0,0,0,5,0,
Random Grid,20,20,5,352,2,1,0.022500000000008,0,0,1,0,0,0,0,0,-1,0,0,5,0,
Random Grid,20,20,5,352,0,1,26.6386,1,1,8,0,0,1,0,0,0,0,0,5,0,
Random Grid,20,20,5,352,6,1,0.080900000000014,1,1,8,0,0,1,0,0,0,0,0,5,0,
Random Grid,20,20,5,352,2,1,0.0387000000000057,0,0,1,0,0,0,0,0,-1,0,0,5,0,
Random Grid,90,114,1,3812,0,1,27.9214,131,131,330,0,0,263,0,0,0,131,56,1,0,
Random Grid,90,114,1,3812,1,1,0.719400000000007,92,92,227,0,0,185,0,0,0,92,36,1,0,
Random Grid,90,114,1,3812,2,1,0.616700000000037,117,117,268,0,0,235,0,0,0,117,41,1,0,
Random Grid,90,114,1,3812,3,1,0.583899999999971,109,109,283,0,0,219,0,0,0,109,70,1,0,
Random Grid,90,114,1,3812,4,1,1.45269999999999,112,112,279,0,0,225,0,0,0,111,40,1,0,
Random Grid,90,114,1,3812,0,1,26.3194,129,129,324,0,0,259,0,0,0,129,56,1,0,
Random Grid,90,114,1,3812,1,1,0.808300000000003,99,99,248,0,0,199,0,0,0,99,36,1,0,
Random Grid,90,114,1,3812,2,1,0.600900000000024,118,118,271,0,0,237,0,0,0,118,41,1,0,
Random Grid,90,114,1,3812,3,1,0.590199999999982,105,105,271,0,0,211,0,0,0,105,66,1,0,
Random Grid,90,114,1,3812,4,1,1.5206,114,114,285,0,0,229,0,0,0,113,40,1,0,
Random Grid,90,114,1,3812,0,1,30.04,129,129,324,0,0,259,0,0,0,129,56,1,0,
Random Grid,90,114,1,3812,1,1,0.719399999999979,99,99,248,0,0,199,0,0,0,99,36,1,0,
Random Grid,90,114,1,3812,2,1,0.644300000000044,118,118,271,0,0,237,0,0,0,118,41,1,0,
Random Grid,90,114,1,3812,3,1,0.884200000000021,105,105,271,0,0,211,0,0,0,105,66,1,0,
Random Grid,90,114,1,3812,4,1,1.762,114,114,285,0,0,229,0,0,0,113,40,1,0,
Random Grid,90,114,1,3812,0,1,26.2515,129,129,324,0,0,259,0,0,0,129,56,1,0,
Random Grid,90,114,1,3812,1,1,0.47999999999999,99,99,248,0,0,199,0,0,0,99,36,1,0,
Random Grid,90,114,1,3812,2,1,0.569299999999998,118,118,271,0,0,237,0,0,0,118,41,1,0,
Random Grid,90,114,1,3812,3,1,0.447199999999953,105,105,271,0,0,211,0,0,0,105,66,1,0,
Random Grid,20,20,1,40,0,1,26.0737,9,9,23,0,0,18,0,0,0,8,0,1,0,
Random Grid,20,20,1,40,1,1,0.101600000000005,7,7,17,0,0,14,0,0,0,7,3,1,0,
Random Grid,20,20,1,40,2,1,0.0632999999999981,4,4,10,0,0,8,0,0,0,4,1,1,0,
Random Grid,20,20,1,40,3,1,0.0383000000000067,3,3,10,0,0,5,0,0,0,3,4,1,0,
Random Grid,20,20,1,40,4,1,0.0545999999999935,2,2,8,0,0,3,0,0,0,1,0,1,0,
Random Grid,20,20,5,40,0,1,6357.0551,27,78,56291,229,0,100269,0,0,71,11,36,5,2,
Random Grid,20,20,5,40,6,1,165.258199999999,14,5,9882,0,0,1119,0,0,0,5,18,5,0,
Random Grid,20,20,5,40,2,1,429.8665,13,13,17549,75,0,10572,0,0,7,7,11,5,2,
Random Grid,20,20,1,40,0,1,27.5757,12,12,29,0,0,25,0,0,0,12,7,1,0,
Random Grid,20,20,1,40,1,1,0.146599999999992,17,17,44,0,0,34,0,0,0,17,3,1,0,
Random Grid,20,20,1,40,2,1,0.046999999999997,6,6,18,0,0,11,0,0,0,6,10,1,0,
Random Grid,20,20,1,40,3,1,0.764399999999995,17,17,44,0,0,34,0,0,0,16,8,1,0,
Random Grid,20,20,1,40,4,1,0.0896999999999935,14,14,39,0,0,29,0,0,0,13,9,1,0,
Random Grid,20,20,1,40,5,1,0.0952000000000055,17,17,44,0,0,35,0,0,0,16,6,1,0,
Random Grid,20,20,6,40,0,1,2161.2704,83,17,121974,0,0,2231,0,0,0,17,214,6,0,
Random Grid,20,20,6,40,7,1,14341.6777,43,35,198921,1994,0,103787,0,0,26,20,73,6,0,
Random Grid,20,20,1,40,0,1,25.9852,12,12,29,0,0,25,0,0,0,12,7,1,0,
Random Grid,20,20,1,40,1,1,0.259500000000003,17,17,44,0,0,34,0,0,0,17,3,1,0,
Random Grid,20,20,1,40,2,1,0.0702999999999889,6,6,18,0,0,11,0,0,0,6,10,1,0,
Random Grid,20,20,1,40,3,1,1.18040000000001,17,17,44,0,0,34,0,0,0,16,8,1,0,
Random Grid,20,20,1,40,4,1,0.0952000000000055,14,14,39,0,0,29,0,0,0,13,9,1,0,
Random Grid,20,20,1,40,5,1,0.144199999999984,17,17,44,0,0,35,0,0,0,16,6,1,0,
Random Grid,20,20,6,40,0,1,2285.4581,83,17,121974,0,0,2231,0,0,0,17,214,6,0,
Random Grid,20,20,6,40,7,1,14343.4203,43,35,198921,1994,0,103787,0,0,26,20,73,6,0,
Random Grid,20,20,6,40,2,1,844.830399999999,40,8,59197,0,0,818,0,0,0,8,44,6,0,
,50,50,4,250,0,1,300.6533,187,62,24994,0,0,2773,0,0,0,62,264,4,0,
Random Grid,50,50,4,250,5,1,89.3112,119,31,13962,0,0,569,0,0,0,31,212,4,0,
Random Grid,50,50,4,250,2,1,66.3936,68,31,9324,0,0,1757,0,0,0,31,26,4,0,
Random Grid,50,50,5,250,0,1,4310.1186,206,68,134720,0,0,23191,0,0,1,68,290,5,0,
Random Grid,50,50,5,250,6,1,731.8962,146,34,68920,0,0,2491,0,0,0,34,204,5,0,
Random Grid,50,50,5,250,2,1,1836.6294,60,36,53475,600,0,22501,0,0,3,35,27,5,0,
Random Grid,50,50,6,250,0,1,48829.7107,202,55,422604,0,0,86447,0,0,0,55,212,6,0,
Random Grid,50,50,6,250,7,1,16260.6944,156,28,257404,0,0,2822,0,0,0,28,130,6,0,
Random Grid,50,50,6,250,2,1,21632.2261,46,33,237075,10000,0,155176,0,0,6,32,35,6,0,
,50,50,6,250,0,1,32431.8008,176,52,488020,0,0,85681,0,0,0,52,278,6,0,
Random Grid,50,50,6,250,7,1,11746.4076,134,26,294395,0,0,6981,0,0,0,26,231,6,0,
Random Grid,50,50,6,250,2,1,34367.6648,42,26,236950,0,0,118551,0,0,0,26,20,6,0,
,50,50,6,250,0,1,20734.2298,201,56,512185,0,0,61211,0,0,0,56,222,6,0,
Random Grid,50,50,6,250,7,1,9423.0129,146,28,287885,0,0,5011,0,0,0,28,206,6,0,
Random Grid,50,50,6,250,2,1,11185.003,55,28,225800,0,0,57201,0,0,0,28,45,6,0,
,50,50,6,250,0,1,11495.216,174,39,407809,0,0,23017,0,0,0,39,409,6,0,
Random Grid,50,50,6,250,7,1,4706.6628,115,20,215204,0,0,1622,0,0,0,20,192,6,0,
Random Grid,50,50,6,250,2,1,6129.0552,59,19,191640,0,0,21986,0,0,0,19,93,6,0,
Random Grid,50,50,1,250,0,1,30.3605,27,27,68,0,0,57,0,0,0,27,14,1,0,
Random Grid,50,50,1,250,1,1,0.222800000000007,39,39,101,0,0,81,0,0,0,39,22,1,0,
Random Grid,50,50,1,250,2,1,1.00659999999999,26,26,68,0,0,54,0,0,0,25,17,1,0,
Random Grid,50,50,1,250,3,1,0.0876999999999839,15,15,43,0,0,30,0,0,0,15,7,1,0,
Random Grid,50,50,1,250,4,1,0.279300000000006,38,38,108,0,0,76,0,0,0,38,27,1,0,
Random Grid,50,50,1,250,5,1,0.204300000000018,29,29,79,0,0,59,0,0,0,29,12,1,0,
Random Grid,50,50,6,250,0,1,12156.171,174,39,407809,0,0,23017,0,0,0,39,409,6,0,
Random Grid,50,50,6,250,7,1,4851.4652,89,20,194152,0,0,9174,0,0,0,20,81,6,0,
Random Grid,50,50,6,250,2,1,5165.6983,85,19,193437,0,0,8814,0,0,0,19,175,6,0,
Random Grid,251,211,1,25726,0,1,38.6785,284,284,784,0,0,575,0,0,0,283,86,1,0,
Random Grid,251,211,1,25726,1,1,1.10890000000001,224,224,615,0,0,460,0,0,0,223,177,1,0,
Random Grid,251,211,1,25726,2,1,1.10619999999994,193,193,566,0,0,389,0,0,0,193,178,1,0,
Random Grid,251,211,1,25726,3,1,1.7604,223,223,643,0,0,453,0,0,0,223,136,1,0,
Random Grid,251,211,1,25726,4,1,0.939799999999991,164,164,477,0,0,329,0,0,0,163,106,1,0,
Random Grid,251,211,1,25726,0,1,39.6448,284,284,784,0,0,575,0,0,0,283,86,1,0,
Random Grid,251,211,1,25726,1,1,1.28120000000001,224,224,615,0,0,460,0,0,0,223,177,1,0,
Random Grid,251,211,1,25726,2,1,1.09870000000001,193,193,566,0,0,389,0,0,0,193,178,1,0,
Random Grid,251,211,1,25726,3,1,1.25750000000005,223,223,643,0,0,453,0,0,0,223,136,1,0,
Random Grid,251,211,4,25726,0,1,1696.9914,924,284,140969,0,0,19307,0,0,0,284,1426,4,0,
Random Grid,251,211,4,25726,5,1,538.9224,463,142,73716,0,0,9535,0,0,0,142,121,4,0,
Random Grid,251,211,4,25726,2,1,725.810300000001,461,142,61041,0,0,9530,0,0,0,142,650,4,0,
Random Grid,251,211,1,25726,0,1,32.7288,284,284,784,0,0,575,0,0,0,283,86,1,0,
Random Grid,251,211,1,25726,1,1,1.6395,224,224,615,0,0,460,0,0,0,223,177,1,0,
Random Grid,251,211,1,25726,2,1,0.983699999999999,193,193,566,0,0,389,0,0,0,193,178,1,0,
Random Grid,251,211,1,25726,3,1,1.12430000000006,223,223,643,0,0,453,0,0,0,223,136,1,0,
Random Grid,251,211,4,25726,0,1,1573.6555,924,284,140969,0,0,19307,0,0,0,284,1426,4,0,
Random Grid,251,211,4,25726,5,1,529.5452,463,142,73716,0,0,9535,0,0,0,142,121,4,0,
Random Grid,251,211,4,25726,2,1,696.9985,461,142,61041,0,0,9530,0,0,0,142,650,4,0,
Random Grid,251,211,1,25726,0,1,33.1394,284,284,784,0,0,575,0,0,0,283,86,1,0,
Random Grid,251,211,1,25726,1,1,1.93619999999999,224,224,615,0,0,460,0,0,0,223,177,1,0,
Random Grid,251,211,1,25726,2,1,1.02629999999999,193,193,566,0,0,389,0,0,0,193,178,1,0,
Random Grid,251,211,1,25726,3,1,1.20420000000001,223,223,643,0,0,453,0,0,0,223,136,1,0,
Random Grid,251,211,4,25726,0,1,1517.3766,924,284,140969,0,0,19307,0,0,0,284,1426,4,0,
Random Grid,251,211,4,25726,5,1,509.1901,463,142,73716,0,0,9535,0,0,0,142,121,4,0,
Random Grid,251,211,4,25726,2,1,654.3278,461,142,61041,0,0,9530,0,0,0,142,650,4,0,
Random Grid,251,211,1,25726,0,1,33.9504,284,284,784,0,0,575,0,0,0,283,86,1,0,
Random Grid,251,211,1,25726,1,1,1.19980000000004,224,224,615,0,0,460,0,0,0,223,177,1,0,
Random Grid,251,211,1,25726,2,1,0.821299999999951,193,193,566,0,0,389,0,0,0,193,178,1,0,
Random Grid,251,211,1,25726,3,1,1.04999999999995,223,223,643,0,0,453,0,0,0,223,136,1,0,
Random Grid,251,211,1,25726,4,1,0.875800000000027,164,164,477,0,0,329,0,0,0,163,106,1,0,
Random Grid,251,211,1,25726,0,1,28.015,284,284,784,0,0,575,0,0,0,283,86,1,0,
Random Grid,251,211,1,25726,1,1,2.06230000000005,224,224,615,0,0,460,0,0,0,223,177,1,0,
Random Grid,251,211,1,25726,2,1,0.910199999999918,193,193,566,0,0,389,0,0,0,193,178,1,0,
Random Grid,251,211,1,25726,3,1,1.27410000000009,223,223,643,0,0,453,0,0,0,223,136,1,0,
Random Grid,251,211,4,25726,0,1,1405.6303,924,284,140969,0,0,19307,0,0,0,284,1426,4,0,
Random Grid,251,211,4,25726,5,1,509.6437,463,142,73716,0,0,9535,0,0,0,142,121,4,0,
Random Grid,251,211,4,25726,6,1,659.1282,461,142,61041,0,0,9530,0,0,0,142,650,4,0,
Random Grid,251,211,1,25726,0,1,28.7834,284,284,784,0,0,575,0,0,0,283,86,1,0,
Random Grid,251,211,1,25726,1,1,1.13259999999997,224,224,615,0,0,460,0,0,0,223,177,1,0,
Random Grid,251,211,1,25726,2,1,0.917400000000043,193,193,566,0,0,389,0,0,0,193,178,1,0,
Random Grid,251,211,1,25726,3,1,1.03390000000002,223,223,643,0,0,453,0,0,0,223,136,1,0,
Random Grid,251,211,4,25726,0,1,1179.7308,924,284,140969,0,0,19307,0,0,0,284,1426,4,0,
Random Grid,251,211,4,25726,5,1,495.0121,463,142,73716,0,0,9535,0,0,0,142,121,4,0,
Random Grid,251,211,4,25726,6,1,570.6115,461,142,61041,0,0,9530,0,0,0,142,650,4,0,
Random Grid,251,211,1,25726,0,1,38.1547,284,284,784,0,0,575,0,0,0,283,86,1,0,
Random Grid,251,211,1,25726,1,1,1.60630000000003,224,224,615,0,0,460,0,0,0,223,177,1,0,
Random Grid,251,211,1,25726,2,1,1.26300000000003,193,193,566,0,0,389,0,0,0,193,178,1,0,
Random Grid,251,211,1,25726,3,1,1.14059999999995,223,223,643,0,0,453,0,0,0,223,136,1,0,
Random Grid,251,211,1,25726,4,1,1.14290000000005,164,164,477,0,0,329,0,0,0,163,106,1,0,
Random Grid,251,211,1,25726,5,1,1.0342999999998,133,133,400,0,0,266,0,0,0,133,41,1,0,
Random Grid,251,211,6,25726,0,1,911342.6278,1221,284,3529906,0,0,430095,0,0,0,284,3540,6,0,
Random Grid,251,211,6,25726,7,1,194740.0199,612,142,1836817,0,0,211934,0,0,0,142,526,6,0,
Random Grid,251,211,6,25726,8,1,271639.5743,609,142,1541239,0,0,211412,0,0,0,142,1126,6,0,
Random Grid,251,211,1,25726,0,1,28.2418,284,284,784,0,0,575,0,0,0,283,86,1,0,
Random Grid,251,211,1,25726,1,1,1.10059999999999,224,224,615,0,0,460,0,0,0,223,177,1,0,
Random Grid,251,211,1,25726,2,1,1.07460000000003,193,193,566,0,0,389,0,0,0,193,178,1,0,
Random Grid,251,211,1,25726,3,1,1.57389999999998,223,223,643,0,0,453,0,0,0,223,136,1,0,
Random Grid,251,211,4,25726,0,1,1455.5299,924,284,140969,0,0,19307,0,0,0,284,1426,4,0,
Random Grid,251,211,4,25726,5,1,484.3614,463,142,73716,0,0,9535,0,0,0,142,121,4,0,
Random Grid,251,211,4,25726,6,1,538.7682,461,142,61041,0,0,9530,0,0,0,142,650,4,0,
Random Grid,251,211,1,25726,0,1,32.2054,284,284,784,0,0,575,0,0,0,283,86,1,0,
Random Grid,251,211,1,25726,1,1,1.17850000000004,224,224,615,0,0,460,0,0,0,223,177,1,0,
Random Grid,251,211,1,25726,2,1,1.37360000000001,193,193,566,0,0,389,0,0,0,193,178,1,0,
Random Grid,251,211,3,25726,0,1,235.3521,701,284,27362,0,0,5174,0,0,0,284,728,3,0,
Random Grid,251,211,3,25726,4,1,113.0663,351,142,14092,0,0,2559,0,0,0,142,117,3,0,
Random Grid,251,211,3,25726,5,1,121.2583,350,142,11931,0,0,2570,0,0,0,142,295,3,0,
Random Grid,251,211,1,25726,0,1,29.218,284,284,784,0,0,575,0,0,0,283,86,1,0,
Random Grid,251,211,1,25726,1,1,1.36689999999999,224,224,615,0,0,460,0,0,0,223,177,1,0,
Random Grid,251,211,2,25726,0,1,16.4619,508,284,5050,0,0,1512,0,0,0,284,303,2,0,
Random Grid,251,211,2,25726,3,1,5.67349999999999,254,142,2580,0,0,751,0,0,0,142,111,2,0,
Random Grid,251,211,2,25726,4,1,4.50920000000008,254,142,2357,0,0,762,0,0,0,142,112,2,0,
Random Grid,251,211,1,25726,0,1,32.1517,284,284,784,0,0,575,0,0,0,283,86,1,0,
Random Grid,251,211,1,25726,1,1,1.54830000000004,224,224,615,0,0,460,0,0,0,223,177,1,0,
Random Grid,251,211,2,25726,0,1,16.3136,508,284,5050,0,0,1512,0,0,0,284,303,2,0,
Random Grid,251,211,2,25726,3,1,5.27959999999996,254,142,2580,0,0,751,0,0,0,142,111,2,0,
Random Grid,251,211,2,25726,4,1,4.48590000000002,254,142,2357,0,0,762,0,0,0,142,112,2,0,
Random Grid,251,211,1,25726,0,1,28.0589,284,284,784,0,0,575,0,0,0,283,86,1,0,
Random Grid,251,211,1,25726,1,1,1.08760000000001,224,224,615,0,0,460,0,0,0,223,177,1,0,
Random Grid,251,211,1,25726,2,1,1.10259999999994,193,193,566,0,0,389,0,0,0,193,178,1,0,
Random Grid,251,211,1,25726,3,1,1.62800000000004,223,223,643,0,0,453,0,0,0,223,136,1,0,
Random Grid,251,211,4,25726,0,1,1600.434,924,284,140969,0,0,19307,0,0,0,284,1426,4,0,
Random Grid,251,211,4,25726,5,1,438.3105,463,142,73716,0,0,9535,0,0,0,142,121,4,0,
Random Grid,251,211,4,25726,6,1,513.4054,461,142,61041,0,0,9530,0,0,0,142,650,4,0,
Random Grid,251,211,1,25726,0,1,33.0817,284,284,784,0,0,575,0,0,0,283,86,1,0,
Random Grid,251,211,1,25726,1,1,1.85790000000003,224,224,615,0,0,460,0,0,0,223,177,1,0,
Random Grid,251,211,1,25726,2,1,1.09910000000002,193,193,566,0,0,389,0,0,0,193,178,1,0,
Random Grid,251,211,1,25726,3,1,0.98090000000002,223,223,643,0,0,453,0,0,0,223,136,1,0,
Random Grid,251,211,4,25726,0,1,1191.4577,924,284,140969,0,0,19307,0,0,0,284,1426,4,0,
Random Grid,251,211,4,25726,5,1,415.8472,463,142,73716,0,0,9535,0,0,0,142,121,4,0,
Random Grid,251,211,4,25726,6,1,546.9387,461,142,61041,0,0,9530,0,0,0,142,650,4,0,
Random Grid,251,211,1,25726,0,1,36.3346,284,284,784,0,0,575,0,0,0,283,86,1,0,
Random Grid,251,211,1,25726,1,1,1.69439999999997,224,224,615,0,0,460,0,0,0,223,177,1,0,
Random Grid,251,211,1,25726,2,1,0.881000000000085,193,193,566,0,0,389,0,0,0,193,178,1,0,
Random Grid,251,211,1,25726,3,1,1.0856,223,223,643,0,0,453,0,0,0,223,136,1,0,
Random Grid,251,211,4,25726,0,1,1255.6785,924,284,140969,0,0,19307,0,0,0,284,1426,4,0,
Random Grid,251,211,4,25726,5,1,415.4088,463,142,73716,0,0,9535,0,0,0,142,121,4,0,
Random Grid,251,211,4,25726,6,1,535.6205,461,142,61041,0,0,9530,0,0,0,142,650,4,0,
Random Grid,251,211,1,25726,0,1,31.4501,284,284,784,0,0,575,0,0,0,283,86,1,0,
Random Grid,251,211,1,25726,1,1,1.10769999999997,224,224,615,0,0,460,0,0,0,223,177,1,0,
Random Grid,251,211,1,25726,2,1,1.15509999999995,193,193,566,0,0,389,0,0,0,193,178,1,0,
Random Grid,251,211,1,25726,3,1,1.16270000000009,223,223,643,0,0,453,0,0,0,223,136,1,0,
Random Grid,251,211,4,25726,0,1,1172.8964,924,284,140969,0,0,19307,0,0,0,284,1426,4,0,
Random Grid,251,211,4,25726,5,1,406.6933,463,142,73716,0,0,9535,0,0,0,142,121,4,0,
Random Grid,251,211,4,25726,6,1,512.9325,461,142,61041,0,0,9530,0,0,0,142,650,4,0,
Random Grid,251,211,1,25726,0,1,33.3219,284,284,784,0,0,575,0,0,0,283,86,1,0,
Random Grid,251,211,1,25726,1,1,1.22790000000003,224,224,615,0,0,460,0,0,0,223,177,1,0,
Random Grid,251,211,1,25726,2,1,1.01250000000005,193,193,566,0,0,389,0,0,0,193,178,1,0,
Random Grid,251,211,1,25726,3,1,0.956000000000017,223,223,643,0,0,453,0,0,0,223,136,1,0,
Random Grid,251,211,4,25726,0,1,1310.9907,924,284,140969,0,0,19307,0,0,0,284,1426,4,0,
Random Grid,251,211,4,25726,5,1,433.5473,463,142,73716,0,0,9535,0,0,0,142,121,4,0,
Random Grid,251,211,4,25726,6,1,548.5288,461,142,61041,0,0,9530,0,0,0,142,650,4,0,
Random Grid,251,211,1,25726,0,1,32.448,284,284,784,0,0,575,0,0,0,283,86,1,0,
Random Grid,251,211,1,25726,1,1,1.79430000000002,224,224,615,0,0,460,0,0,0,223,177,1,0,
Random Grid,251,211,1,25726,2,1,1.14840000000004,193,193,566,0,0,389,0,0,0,193,178,1,0,
Random Grid,251,211,1,25726,3,1,1.56010000000003,223,223,643,0,0,453,0,0,0,223,136,1,0,
Random Grid,251,211,4,25726,0,1,1615.2089,924,284,140969,0,0,19307,0,0,0,284,1426,4,0,
Random Grid,251,211,4,25726,5,1,501.2861,463,142,73716,0,0,9535,0,0,0,142,121,4,0,
Random Grid,251,211,4,25726,6,1,556.4079,461,142,61041,0,0,9530,0,0,0,142,650,4,0,
Random Grid,251,211,1,25726,0,1,47.559,284,284,784,0,0,575,0,0,0,283,86,1,0,
Random Grid,251,211,1,25726,1,1,1.34399999999999,224,224,615,0,0,460,0,0,0,223,177,1,0,
Random Grid,251,211,1,25726,2,1,1.34170000000006,193,193,566,0,0,389,0,0,0,193,178,1,0,
Random Grid,251,211,3,25726,0,1,334.5307,701,284,27362,0,0,5174,0,0,0,284,728,3,0,
Random Grid,251,211,3,25726,4,1,157.551,351,142,14092,0,0,2559,0,0,0,142,117,3,0,
Random Grid,251,211,3,25726,5,1,200.184,350,142,11931,0,0,2570,0,0,0,142,295,3,0,
Random Grid,251,211,1,25726,0,1,34.5662,284,284,784,0,0,575,0,0,0,283,86,1,0,
Random Grid,251,211,1,25726,1,1,1.17419999999998,224,224,615,0,0,460,0,0,0,223,177,1,0,
Random Grid,251,211,1,25726,2,1,1.60469999999998,193,193,566,0,0,389,0,0,0,193,178,1,0,
Random Grid,251,211,1,25726,3,1,1.2595,223,223,643,0,0,453,0,0,0,223,136,1,0,
Random Grid,251,211,4,25726,0,1,1618.924,924,284,140969,0,0,19307,0,0,0,284,1426,4,0,
Random Grid,251,211,4,25726,5,1,629.179,463,142,73716,0,0,9535,0,0,0,142,121,4,0,
Random Grid,251,211,4,25726,6,1,687.2723,461,142,61041,0,0,9530,0,0,0,142,650,4,0,
Random Grid,50,50,10,500,0,1,5628.1603,262,9215,10058,0,0,241776,0,0,9177,6442,3359,9215,10,0,
Random Grid,50,50,10,500,11,1,338.130700000001,181,1064,1631,0,0,14914,0,0,1045,688,686,1064,10,0,
Random Grid,50,50,10,500,12,1,3.47819999999956,81,19,90,0,0,0,0,0,0,18,67,19,10,0,
Random Grid,50,50,10,500,0,1,5198.3595,262,9215,10058,0,0,241776,0,0,9177,6442,3359,9215,10,0,
Random Grid,50,50,10,500,11,1,330.381899999999,181,1064,1631,0,0,14914,0,0,1045,688,686,1064,10,0,
Random Grid,50,50,10,500,12,1,1.96460000000025,81,19,90,0,0,0,0,0,0,18,67,19,10,0,
Random Grid,50,50,1,500,0,1,34.8543,28,28,43,0,0,0,0,0,0,27,13,28,1,0,
Random Grid,50,50,1,500,1,1,0.120900000000006,13,13,18,0,0,0,0,0,0,12,3,13,1,0,
Random Grid,50,50,1,500,2,1,1.76560000000001,35,35,53,0,0,0,0,0,0,34,17,35,1,0,
Random Grid,50,50,1,500,3,1,0.16040000000001,38,38,48,0,0,0,0,0,0,37,9,38,1,0,
Random Grid,50,50,1,500,4,1,0.140299999999996,23,23,37,0,0,0,0,0,0,22,12,23,1,0,
Random Grid,50,50,1,500,5,1,0.113400000000013,22,22,29,0,0,0,0,0,0,21,5,22,1,0,
Random Grid,50,50,1,500,6,1,0.143799999999999,31,31,44,0,0,0,0,0,0,30,11,31,1,0,
Random Grid,50,50,1,500,7,1,0.1995,31,31,50,0,0,0,0,0,0,30,17,31,1,0,
Random Grid,50,50,1,500,8,1,0.122900000000016,25,25,33,0,0,0,0,0,0,24,6,25,1,0,
Random Grid,50,50,1,500,9,1,0.0964000000000169,16,16,24,0,0,0,0,0,0,15,6,16,1,0,
Random Grid,50,50,10,500,0,1,5199.7774,262,9215,10058,0,0,241776,0,0,9177,6442,3359,9215,10,0,
Random Grid,50,50,10,500,11,1,4.59500000000025,134,19,376,0,0,0,0,0,0,18,101,19,10,0,
Random Grid,50,50,10,500,12,1,3.8131999999996,128,19,284,0,0,0,0,0,0,18,233,19,10,0,
Random Grid,50,50,1,500,0,1,37.4755,28,28,43,0,0,0,0,0,0,27,13,28,1,0,
Random Grid,50,50,1,500,1,1,0.15209999999999,13,13,18,0,0,0,0,0,0,12,3,13,1,0,
Random Grid,50,50,1,500,2,1,2.0883,35,35,53,0,0,0,0,0,0,34,17,35,1,0,
Random Grid,50,50,1,500,3,1,0.242999999999995,38,38,48,0,0,0,0,0,0,37,9,38,1,0,
Random Grid,50,50,1,500,4,1,0.182099999999991,23,23,37,0,0,0,0,0,0,22,12,23,1,0,
Random Grid,50,50,1,500,5,1,0.197900000000004,22,22,29,0,0,0,0,0,0,21,5,22,1,0,
Random Grid,50,50,1,500,6,1,0.129200000000026,31,31,44,0,0,0,0,0,0,30,11,31,1,0,
Random Grid,50,50,1,500,7,1,0.205399999999997,31,31,50,0,0,0,0,0,0,30,17,31,1,0,
Random Grid,50,50,1,500,8,1,0.172599999999989,25,25,33,0,0,0,0,0,0,24,6,25,1,0,
Random Grid,50,50,1,500,9,1,0.127200000000016,16,16,24,0,0,0,0,0,0,15,6,16,1,0,
Random Grid,50,50,10,500,0,1,5234.294,262,9215,10058,0,0,241776,0,0,9177,6442,3359,9215,10,0,
Random Grid,50,50,10,500,11,1,4.7510000000002,134,19,376,0,0,0,0,0,0,18,101,19,10,0,
Random Grid,50,50,10,500,12,1,3.79770000000008,128,19,284,0,0,0,0,0,0,18,233,19,10,0,
Random Grid,50,50,9,500,0,1,38.7729,178,43,304,0,0,0,0,0,0,42,229,43,9,0,
Random Grid,50,50,9,500,10,1,4.97029999999998,140,22,272,0,0,0,0,0,0,21,218,22,9,0,
Random Grid,50,50,9,500,11,1,1.76430000000002,38,21,33,0,0,0,0,0,0,20,11,21,9,0,
,50,50,11,500,0,1,54.8412,390,60,652,0,0,0,0,0,0,59,528,60,11,0,
Random Grid,50,50,11,500,12,1,11.9261,276,30,521,0,0,0,0,0,0,29,427,30,11,0,
Random Grid,50,50,11,500,13,1,3.488,114,30,76,0,0,0,0,0,0,29,44,30,11,0,
,50,50,12,500,0,1,69.195,345,61,560,0,0,0,0,0,0,60,435,61,12,0,
Random Grid,50,50,12,500,13,1,14.0713,268,31,462,0,0,0,0,0,0,30,367,31,12,0,
Random Grid,50,50,12,500,14,1,3.19840000000005,77,30,55,0,0,0,0,0,0,29,21,30,12,0,
,50,50,13,500,0,1,71.5701,496,60,1715,0,0,0,0,0,0,59,887,60,13,0,
Random Grid,50,50,13,500,14,1,37.8991,325,30,1328,0,0,0,0,0,0,29,786,30,13,0,
Random Grid,50,50,13,500,15,1,5.75210000000004,171,30,111,0,0,0,0,0,0,29,65,30,13,0,
,50,50,15,500,0,1,18769.8151,475,22608,23451,0,0,649884,0,0,22142,16471,6595,22607,15,1,
Random Grid,50,50,15,500,16,1,18946.28,400,22567,23391,0,0,649884,0,0,22142,16430,6576,22566,15,1,
Random Grid,50,50,15,500,17,1,4.73559999999998,75,41,70,0,0,0,0,0,0,40,27,41,15,0,
Random Grid,50,50,10,500,0,1,5459.112,262,9215,10058,0,0,241776,0,0,9177,6442,3359,9215,10,0,
Random Grid,50,50,10,500,11,1,352.1325,181,1064,1631,0,0,14914,0,0,1045,688,686,1064,10,0,
Random Grid,50,50,10,500,12,1,3.36239999999998,81,19,90,0,0,0,0,0,0,18,67,19,10,0,
Random Grid,50,50,10,500,0,1,5447.4161,262,9215,10058,0,0,241776,0,0,9177,6442,3359,9215,10,0,
Random Grid,50,50,10,500,11,1,357.397400000001,181,1064,1631,0,0,14914,0,0,1045,688,686,1064,10,0,
Random Grid,50,50,10,500,12,1,3.32529999999952,81,19,90,0,0,0,0,0,0,18,67,19,10,0,
Random Grid,50,50,10,500,0,1,5179.9525,262,9215,10058,0,0,241776,0,0,9177,6442,3359,9215,10,0,
Random Grid,50,50,10,500,11,1,341.4006,181,1064,1631,0,0,14914,0,0,1045,688,686,1064,10,0,
Random Grid,50,50,10,500,12,1,1.99589999999989,81,19,84,0,0,0,0,0,0,18,61,19,10,0,
Random Grid,50,50,10,500,0,1,5167.9726,262,9215,10058,0,0,241776,0,0,9177,6442,3359,9215,10,0,
Random Grid,50,50,10,500,11,1,334.603599999999,181,1064,1631,0,0,14914,0,0,1045,688,686,1064,10,0,
Random Grid,50,50,10,500,12,1,2.01910000000044,81,19,84,0,0,0,0,0,0,18,61,19,10,0,
Random Grid,50,50,1,500,0,1,33.131,28,28,43,0,0,0,0,0,0,27,13,28,1,0,
Random Grid,50,50,1,500,1,1,0.172699999999992,13,13,18,0,0,0,0,0,0,12,3,13,1,0,
Random Grid,50,50,1,500,2,1,1.39019999999999,35,35,53,0,0,0,0,0,0,34,17,35,1,0,
Random Grid,50,50,1,500,3,1,0.285599999999988,38,38,48,0,0,0,0,0,0,37,9,38,1,0,
Random Grid,50,50,1,500,4,1,0.122900000000016,23,23,37,0,0,0,0,0,0,22,12,23,1,0,
Random Grid,50,50,1,500,5,1,0.149699999999996,22,22,29,0,0,0,0,0,0,21,5,22,1,0,
Random Grid,50,50,1,500,6,1,0.201900000000023,31,31,44,0,0,0,0,0,0,30,11,31,1,0,
Random Grid,50,50,1,500,7,1,0.156900000000007,31,31,50,0,0,0,0,0,0,30,17,31,1,0,
Random Grid,50,50,1,500,8,1,0.15100000000001,25,25,33,0,0,0,0,0,0,24,6,25,1,0,
Random Grid,50,50,1,500,9,1,0.11220000000003,16,16,24,0,0,0,0,0,0,15,6,16,1,0,
Random Grid,50,50,10,500,0,1,5198.5946,262,9215,10058,0,0,241776,0,0,9177,6442,3359,9215,10,0,
Random Grid,50,50,10,500,11,1,7.25810000000001,134,19,376,0,0,0,0,0,0,18,101,19,10,0,
Random Grid,50,50,10,500,12,1,2.84680000000026,128,19,129,0,0,0,0,0,0,18,102,19,10,0,
Random Grid,50,50,1,500,0,1,36.2647,28,28,43,0,0,0,0,0,0,27,13,28,1,0,
Random Grid,50,50,1,500,1,1,0.134299999999996,13,13,18,0,0,0,0,0,0,12,3,13,1,0,
Random Grid,50,50,1,500,2,1,1.4025,35,35,53,0,0,0,0,0,0,34,17,35,1,0,
Random Grid,50,50,1,500,3,1,0.247299999999996,38,38,48,0,0,0,0,0,0,37,9,38,1,0,
Random Grid,50,50,1,500,4,1,0.1233,23,23,37,0,0,0,0,0,0,22,12,23,1,0,
Random Grid,50,50,1,500,5,1,0.115299999999991,22,22,29,0,0,0,0,0,0,21,5,22,1,0,
Random Grid,50,50,1,500,6,1,0.148099999999999,31,31,44,0,0,0,0,0,0,30,11,31,1,0,
Random Grid,50,50,1,500,7,1,0.164400000000001,31,31,50,0,0,0,0,0,0,30,17,31,1,0,
Random Grid,50,50,1,500,8,1,0.174199999999985,25,25,33,0,0,0,0,0,0,24,6,25,1,0,
Random Grid,50,50,1,500,9,1,0.0960000000000036,16,16,24,0,0,0,0,0,0,15,6,16,1,0,
Random Grid,50,50,10,500,0,1,5114.8953,262,9215,10058,0,0,241776,0,0,9177,6442,3359,9215,10,0,
Random Grid,50,50,10,500,11,1,5.13619999999992,134,19,376,0,0,0,0,0,0,18,101,19,10,0,
Random Grid,50,50,10,500,12,1,3.73649999999998,128,19,129,0,0,0,0,0,0,18,102,19,10,0,
Random Grid,50,50,1,500,0,1,35.3987,28,28,43,0,0,0,0,0,0,27,13,28,1,0,
Random Grid,50,50,1,500,1,1,0.147800000000004,13,13,18,0,0,0,0,0,0,12,3,13,1,0,
Random Grid,50,50,1,500,2,1,1.51589999999999,35,35,53,0,0,0,0,0,0,34,17,35,1,0,
Random Grid,50,50,1,500,3,1,0.288399999999996,38,38,48,0,0,0,0,0,0,37,9,38,1,0,
Random Grid,50,50,1,500,4,1,0.19550000000001,23,23,37,0,0,0,0,0,0,22,12,23,1,0,
Random Grid,50,50,1,500,5,1,0.180900000000008,22,22,29,0,0,0,0,0,0,21,5,22,1,0,
Random Grid,50,50,1,500,6,1,0.225199999999973,31,31,44,0,0,0,0,0,0,30,11,31,1,0,
Random Grid,50,50,1,500,7,1,0.234300000000019,31,31,50,0,0,0,0,0,0,30,17,31,1,0,
Random Grid,50,50,1,500,8,1,0.160799999999995,25,25,33,0,0,0,0,0,0,24,6,25,1,0,
Random Grid,50,50,1,500,9,1,0.101900000000001,16,16,24,0,0,0,0,0,0,15,6,16,1,0,
Random Grid,50,50,10,500,0,1,5128.2425,262,9215,10058,0,0,241776,0,0,9177,6442,3359,9215,10,0,
Random Grid,50,50,10,500,11,1,4.33379999999943,134,19,376,0,0,0,0,0,0,18,101,19,10,0,
Random Grid,50,50,10,500,12,1,2.69200000000001,128,19,129,0,0,0,0,0,0,18,102,19,10,0,
Random Grid,50,50,1,500,0,1,36.5337,28,28,43,0,0,0,0,0,0,27,13,28,1,0,
Random Grid,50,50,1,500,1,1,0.127600000000001,13,13,18,0,0,0,0,0,0,12,3,13,1,0,
Random Grid,50,50,1,500,2,1,1.86350000000002,35,35,53,0,0,0,0,0,0,34,17,35,1,0,
Random Grid,50,50,1,500,3,1,0.192800000000005,38,38,48,0,0,0,0,0,0,37,9,38,1,0,
Random Grid,50,50,1,500,4,1,0.114200000000011,23,23,37,0,0,0,0,0,0,22,12,23,1,0,
Random Grid,50,50,1,500,5,1,0.114499999999993,22,22,29,0,0,0,0,0,0,21,5,22,1,0,
Random Grid,50,50,1,500,6,1,0.212199999999996,31,31,44,0,0,0,0,0,0,30,11,31,1,0,
Random Grid,50,50,1,500,7,1,0.21999999999997,31,31,50,0,0,0,0,0,0,30,17,31,1,0,
Random Grid,50,50,1,500,8,1,0.180500000000052,25,25,33,0,0,0,0,0,0,24,6,25,1,0,
Random Grid,50,50,1,500,9,1,0.125999999999976,16,16,24,0,0,0,0,0,0,15,6,16,1,0,
Random Grid,50,50,10,500,0,1,5124.1967,262,9215,10058,0,0,241776,0,0,9177,6442,3359,9215,10,0,
Random Grid,50,50,10,500,11,1,3.73369999999977,134,19,376,0,0,0,0,0,0,18,101,19,10,0,
Random Grid,50,50,10,500,12,1,3.0626000000002,128,19,129,0,0,0,0,0,0,18,102,19,10,0,
Random Grid,50,50,1,500,0,1,32.6186,28,28,43,0,0,0,0,0,0,27,13,28,1,0,
Random Grid,50,50,1,500,1,1,0.114599999999996,13,13,18,0,0,0,0,0,0,12,3,13,1,0,
Random Grid,50,50,1,500,2,1,1.55449999999999,35,35,53,0,0,0,0,0,0,34,17,35,1,0,
Random Grid,50,50,1,500,3,1,0.276999999999987,38,38,48,0,0,0,0,0,0,37,9,38,1,0,
Random Grid,50,50,1,500,4,1,0.166300000000007,23,23,37,0,0,0,0,0,0,22,12,23,1,0,
Random Grid,50,50,1,500,5,1,0.120100000000008,22,22,29,0,0,0,0,0,0,21,5,22,1,0,
Random Grid,50,50,1,500,6,1,0.178499999999985,31,31,44,0,0,0,0,0,0,30,11,31,1,0,
Random Grid,50,50,1,500,7,1,0.165500000000009,31,31,50,0,0,0,0,0,0,30,17,31,1,0,
Random Grid,50,50,1,500,8,1,0.175799999999981,25,25,33,0,0,0,0,0,0,24,6,25,1,0,
Random Grid,50,50,1,500,9,1,0.118899999999996,16,16,24,0,0,0,0,0,0,15,6,16,1,0,
Random Grid,50,50,10,500,0,1,5192.5972,262,9215,10058,0,0,241776,0,0,9177,6442,3359,9215,10,0,
Random Grid,50,50,10,500,11,1,4.16909999999916,134,19,376,0,0,0,0,0,0,18,101,19,10,0,
Random Grid,50,50,10,500,12,1,2.62910000000011,128,19,129,0,0,0,0,0,0,18,102,19,10,0,
Random Grid,50,50,1,500,0,1,34.8441,28,28,43,0,0,0,0,0,0,27,13,28,1,0,
Random Grid,50,50,1,500,1,1,0.102400000000003,13,13,18,0,0,0,0,0,0,12,3,13,1,0,
Random Grid,50,50,1,500,2,1,1.2295,35,35,53,0,0,0,0,0,0,34,17,35,1,0,
Random Grid,50,50,1,500,3,1,0.269499999999994,38,38,48,0,0,0,0,0,0,37,9,38,1,0,
Random Grid,50,50,1,500,4,1,0.16670000000002,23,23,37,0,0,0,0,0,0,22,12,23,1,0,
Random Grid,50,50,1,500,5,1,0.184899999999999,22,22,29,0,0,0,0,0,0,21,5,22,1,0,
Random Grid,50,50,1,500,6,1,0.239399999999989,31,31,44,0,0,0,0,0,0,30,11,31,1,0,
Random Grid,50,50,1,500,7,1,0.165500000000009,31,31,50,0,0,0,0,0,0,30,17,31,1,0,
Random Grid,50,50,1,500,8,1,0.151299999999992,25,25,33,0,0,0,0,0,0,24,6,25,1,0,
Random Grid,50,50,1,500,9,1,0.0956000000000472,16,16,24,0,0,0,0,0,0,15,6,16,1,0,
Random Grid,50,50,10,500,0,1,5132.9642,262,9215,10058,0,0,241776,0,0,9177,6442,3359,9215,10,0,
Random Grid,50,50,10,500,11,1,3.61440000000039,134,19,376,0,0,0,0,0,0,18,101,19,10,0,
Random Grid,50,50,10,500,12,1,2.70580000000064,128,19,129,0,0,0,0,0,0,18,102,19,10,0,
Random Grid,50,50,1,500,0,1,33.7533,28,28,43,0,0,0,0,0,0,27,13,28,1,0,
Random Grid,50,50,1,500,1,1,0.169499999999999,13,13,18,0,0,0,0,0,0,12,3,13,1,0,
Random Grid,50,50,1,500,2,1,1.35550000000001,35,35,53,0,0,0,0,0,0,34,17,35,1,0,
Random Grid,50,50,1,500,3,1,0.176999999999993,38,38,48,0,0,0,0,0,0,37,9,38,1,0,
Random Grid,50,50,1,500,4,1,0.180499999999995,23,23,37,0,0,0,0,0,0,22,12,23,1,0,
Random Grid,50,50,1,500,5,1,0.223199999999991,22,22,29,0,0,0,0,0,0,21,5,22,1,0,
Random Grid,50,50,1,500,6,1,0.189200000000028,31,31,44,0,0,0,0,0,0,30,11,31,1,0,
Random Grid,50,50,1,500,7,1,0.198300000000017,31,31,50,0,0,0,0,0,0,30,17,31,1,0,
Random Grid,50,50,1,500,8,1,0.119699999999966,25,25,33,0,0,0,0,0,0,24,6,25,1,0,
Random Grid,50,50,1,500,9,1,0.149800000000027,16,16,24,0,0,0,0,0,0,15,6,16,1,0,
Random Grid,50,50,10,500,0,1,5177.9724,262,9215,10058,0,0,241776,0,0,9177,6442,3359,9215,10,0,
Random Grid,50,50,10,500,11,1,3.80010000000038,134,19,376,0,0,0,0,0,0,18,101,19,10,0,
Random Grid,50,50,10,500,12,1,2.48890000000029,128,19,129,0,0,0,0,0,0,18,102,19,10,0,
Random Grid,50,50,1,500,0,1,37.0512,28,28,43,0,0,0,0,0,0,27,13,28,1,0,
Random Grid,50,50,1,500,1,1,0.135900000000007,13,13,18,0,0,0,0,0,0,12,3,13,1,0,
Random Grid,50,50,1,500,2,1,1.2397,35,35,53,0,0,0,0,0,0,34,17,35,1,0,
Random Grid,50,50,1,500,3,1,0.261500000000012,38,38,48,0,0,0,0,0,0,37,9,38,1,0,
Random Grid,50,50,1,500,4,1,0.111000000000018,23,23,37,0,0,0,0,0,0,22,12,23,1,0,
Random Grid,50,50,1,500,5,1,0.0960000000000036,22,22,29,0,0,0,0,0,0,21,5,22,1,0,
Random Grid,50,50,1,500,6,1,0.173799999999972,31,31,44,0,0,0,0,0,0,30,11,31,1,0,
Random Grid,50,50,1,500,7,1,0.136300000000006,31,31,50,0,0,0,0,0,0,30,17,31,1,0,
Random Grid,50,50,1,500,8,1,0.142600000000016,25,25,33,0,0,0,0,0,0,24,6,25,1,0,
Random Grid,50,50,1,500,9,1,0.0794999999999959,16,16,24,0,0,0,0,0,0,15,6,16,1,0,
Random Grid,50,50,10,500,0,1,5110.5114,262,9215,10058,0,0,241776,0,0,9177,6442,3359,9215,10,0,
Random Grid,50,50,10,500,11,1,3.8760000000002,134,19,376,0,0,0,0,0,0,18,101,19,10,0,
Random Grid,50,50,10,500,12,1,2.67380000000048,128,19,129,0,0,0,0,0,0,18,102,19,10,0,
Random Grid,50,50,1,500,0,1,32.6696,28,28,43,0,0,0,0,0,0,27,13,28,1,0,
Random Grid,50,50,1,500,1,1,0.130300000000005,13,13,18,0,0,0,0,0,0,12,3,13,1,0,
Random Grid,50,50,1,500,2,1,1.27250000000001,35,35,53,0,0,0,0,0,0,34,17,35,1,0,
Random Grid,50,50,1,500,3,1,0.186499999999995,38,38,48,0,0,0,0,0,0,37,9,38,1,0,
Random Grid,50,50,1,500,4,1,0.2089,23,23,37,0,0,0,0,0,0,22,12,23,1,0,
Random Grid,50,50,1,500,5,1,0.21690000000001,22,22,29,0,0,0,0,0,0,21,5,22,1,0,
Random Grid,50,50,1,500,6,1,0.205399999999997,31,31,44,0,0,0,0,0,0,30,11,31,1,0,
Random Grid,50,50,1,500,7,1,0.180199999999957,31,31,50,0,0,0,0,0,0,30,17,31,1,0,
Random Grid,50,50,1,500,8,1,0.154499999999985,25,25,33,0,0,0,0,0,0,24,6,25,1,0,
Random Grid,50,50,1,500,9,1,0.126800000000003,16,16,24,0,0,0,0,0,0,15,6,16,1,0,
Random Grid,50,50,10,500,0,1,5116.043,262,9215,10058,0,0,241776,0,0,9177,6442,3359,9215,10,0,
Random Grid,50,50,10,500,11,1,3.53549999999996,134,19,376,0,0,0,0,0,0,18,101,19,10,0,
Random Grid,50,50,10,500,12,1,2.6260000000002,128,19,129,0,0,0,0,0,0,18,102,19,10,0,
Random Grid,50,50,10,500,0,1,5150.0898,262,9215,10058,0,0,241776,0,0,9177,6442,3359,9215,10,0,
Random Grid,50,50,10,500,11,1,365.0944,181,1064,1631,0,0,14914,0,0,1045,688,686,1064,10,0,
Random Grid,50,50,10,500,12,1,2.64490000000023,81,19,84,0,0,0,0,0,0,18,61,19,10,0,
Random Grid,50,50,1,500,0,1,36.6344,28,28,43,0,0,0,0,0,0,27,13,28,1,0,
Random Grid,50,50,1,500,1,1,0.159999999999997,13,13,18,0,0,0,0,0,0,12,3,13,1,0,
Random Grid,50,50,1,500,2,1,2.25619999999998,35,35,53,0,0,0,0,0,0,34,17,35,1,0,
Random Grid,50,50,1,500,3,1,0.200700000000012,38,38,48,0,0,0,0,0,0,37,9,38,1,0,
Random Grid,50,50,1,500,4,1,0.124799999999993,23,23,37,0,0,0,0,0,0,22,12,23,1,0,
Random Grid,50,50,1,500,5,1,0.158800000000014,22,22,29,0,0,0,0,0,0,21,5,22,1,0,
Random Grid,50,50,1,500,6,1,0.131899999999973,31,31,44,0,0,0,0,0,0,30,11,31,1,0,
Random Grid,50,50,1,500,7,1,0.165099999999995,31,31,50,0,0,0,0,0,0,30,17,31,1,0,
Random Grid,50,50,1,500,8,1,0.143799999999999,25,25,33,0,0,0,0,0,0,24,6,25,1,0,
Random Grid,50,50,1,500,9,1,0.121300000000019,16,16,24,0,0,0,0,0,0,15,6,16,1,0,
Random Grid,50,50,10,500,0,1,4940.6255,262,9215,10058,0,0,241776,0,0,9177,6442,3359,9215,10,0,
Random Grid,50,50,10,500,11,1,3.71910000000025,134,19,376,0,0,0,0,0,0,18,101,19,10,0,
Random Grid,50,50,10,500,12,1,2.3759,128,19,129,0,0,0,0,0,0,18,102,19,10,0,
Random Grid,50,50,1,500,0,1,35.1016,28,28,43,0,0,0,0,0,0,27,13,28,1,0,
Random Grid,50,50,1,500,1,1,0.164000000000001,13,13,18,0,0,0,0,0,0,12,3,13,1,0,
Random Grid,50,50,1,500,2,1,1.6557,35,35,53,0,0,0,0,0,0,34,17,35,1,0,
Random Grid,50,50,1,500,3,1,0.254799999999989,38,38,48,0,0,0,0,0,0,37,9,38,1,0,
Random Grid,50,50,1,500,4,1,0.165199999999999,23,23,37,0,0,0,0,0,0,22,12,23,1,0,
Random Grid,50,50,1,500,5,1,0.135899999999992,22,22,29,0,0,0,0,0,0,21,5,22,1,0,
Random Grid,50,50,1,500,6,1,0.165899999999965,31,31,44,0,0,0,0,0,0,30,11,31,1,0,
Random Grid,50,50,1,500,7,1,0.156000000000006,31,31,50,0,0,0,0,0,0,30,17,31,1,0,
Random Grid,50,50,1,500,8,1,0.148099999999999,25,25,33,0,0,0,0,0,0,24,6,25,1,0,
Random Grid,50,50,1,500,9,1,0.0967999999999734,16,16,24,0,0,0,0,0,0,15,6,16,1,0,
Random Grid,50,50,10,500,0,1,5058.0815,262,9215,10058,0,0,241776,0,0,9177,6442,3359,9215,10,0,
Random Grid,50,50,10,500,11,1,4.02890000000025,134,19,376,0,0,0,0,0,0,18,101,19,10,0,
Random Grid,50,50,10,500,12,1,3.22290000000066,128,19,129,0,0,0,0,0,0,18,102,19,10,0,
